open;high;low;close;volume;marketCap;timestamp
2.831619978;3.5366098881;2.5211200714;2.7721199989;164329;166610555.018;"2015-08-07T00:00:00.000Z"
0.7139890194;0.7298539877;0.6365460157;0.7084479928;405283;42818364.3945;"2015-08-10T00:00:00.000Z"
1.8109200001;2.261879921;1.7547500134;1.8278700113;4637030;110672321.811;"2015-08-14T00:00:00.000Z"
1.215299964;1.3311599493;1.0870499611;1.0870499611;1485680;78868413.078;"2015-08-18T00:00:00.000Z"
1.3962899446;1.4764100313;1.3526799679;1.3792300224;948310;100201825.662;"2015-08-22T00:00:00.000Z"
1.1327899694;1.2024799585;1.0618300438;1.1599800587;1056750;84390923.5384;"2015-08-26T00:00:00.000Z"
1.1829899549;1.3679900169;1.170609951;1.3192700148;1337650;96097349.1063;"2015-08-30T00:00:00.000Z"
1.2951899767;1.3099900484;1.2110300064;1.2649300098;702991;92234142.4838;"2015-09-03T00:00:00.000Z"
1.2958999872;1.3054800034;1.2378499508;1.2466499805;489014;91020734.5517;"2015-09-07T00:00:00.000Z"
1.1649700403;1.1690700054;0.9406750202;0.9829779863;1942600;71868264.5796;"2015-09-11T00:00:00.000Z"
0.8751890063;1.0455399752;0.8751890063;0.9444100261;703390;69141408.7519;"2015-09-15T00:00:00.000Z"
0.8496029973;0.9118829966;0.8337839842;0.882390976;386988;64687991.9997;"2015-09-19T00:00:00.000Z"
0.9193369746;0.9193369746;0.8652250171;0.9017959833;487914;66180153.1012;"2015-09-22T00:00:00.000Z"
0.7376300097;0.7875440121;0.7093279958;0.7859640121;369620;57759115.3858;"2015-09-26T00:00:00.000Z"
0.6611919999;0.746721983;0.6358609796;0.7386440039;619926;54351468.2396;"2015-09-30T00:00:00.000Z"
0.6863430142;0.6931260228;0.6607159972;0.6683790088;103497;49249082.5282;"2015-10-04T00:00:00.000Z"
0.6095010042;0.633138001;0.5919709802;0.6217160225;310266;45872836.6492;"2015-10-08T00:00:00.000Z"
0.6345149875;0.6577889919;0.6260300279;0.6260300279;109567;46253823.0733;"2015-10-12T00:00:00.000Z"
0.5625929832;0.5688610077;0.5225329995;0.5364949703;249891;39691829.0675;"2015-10-16T00:00:00.000Z"
0.4896290004;0.5018979907;0.4316479862;0.4348289967;383921;32213626.1748;"2015-10-20T00:00:00.000Z"
0.5396810174;0.5773959756;0.5186880231;0.5635899901;258356;41809763.8084;"2015-10-24T00:00:00.000Z"
0.8709380031;1.0557899475;0.807856977;1.0024800301;2373050;74469863.8755;"2015-10-28T00:00:00.000Z"
0.9208469987;1.0767400265;0.899082005;1.055670023;588913;78530262.549;"2015-11-01T00:00:00.000Z"
0.9006990194;0.9912589788;0.8603820205;0.8956369758;1179840;66716645.436;"2015-11-05T00:00:00.000Z"
0.9156609774;1.0326800346;0.9156609774;1.0274699926;1021460;76614487.7911;"2015-11-08T00:00:00.000Z"
0.7964550257;0.913918972;0.7635099888;0.8957110047;806156;66880152.2126;"2015-11-12T00:00:00.000Z"
0.9061660171;0.9447320104;0.8919709921;0.9289619923;620945;69458010.7886;"2015-11-16T00:00:00.000Z"
0.9557350278;0.9557350278;0.8985760212;0.9249200225;614335;69247997.803;"2015-11-20T00:00:00.000Z"
0.946442008;0.9480550289;0.8959310055;0.900191009;524195;67487355.7273;"2015-11-24T00:00:00.000Z"
0.8681020141;0.9292929769;0.8621219993;0.9157029986;462464;68742122.2709;"2015-11-28T00:00:00.000Z"
0.8731709719;0.8780170083;0.8189240098;0.8212100267;506307;61730774.9273;"2015-12-02T00:00:00.000Z"
0.8664169908;0.8824359775;0.8331149817;0.8355000019;443608;62889050.4198;"2015-12-06T00:00:00.000Z"
0.7955899835;0.8615900278;0.7872909904;0.840395987;369589;63342630.2743;"2015-12-10T00:00:00.000Z"
0.956619978;1.013100028;0.9501780272;0.9930220246;563436;74947759.9932;"2015-12-14T00:00:00.000Z"
0.9383270144;0.9394930005;0.9080809951;0.9201269746;300787;69538662.8935;"2015-12-18T00:00:00.000Z"
0.89497298;0.9095259905;0.8620589972;0.8642020226;454249;65398931.8457;"2015-12-22T00:00:00.000Z"
0.8619930148;0.8825560212;0.8619930148;0.8703629971;187114;65931377.2101;"2015-12-25T00:00:00.000Z"
0.8438349962;0.8730540276;0.8332319856;0.8730540276;215742;66222901.1746;"2015-12-29T00:00:00.000Z"
0.9474009871;0.9696369767;0.9365599751;0.9371240139;255504;71176658.0546;"2016-01-02T00:00:00.000Z"
0.9500280023;0.9606590271;0.9357079864;0.9508600235;308791;72317149.0648;"2016-01-06T00:00:00.000Z"
0.9855570197;1.0010299683;0.9750990272;0.9992309809;390888;76097646.3736;"2016-01-10T00:00:00.000Z"
1.1220999956;1.1895899773;1.1031899452;1.1895899773;751961;90714398.6816;"2016-01-14T00:00:00.000Z"
1.3323099613;1.5428999662;1.3222199678;1.4263399839;4278930;108912541.749;"2016-01-18T00:00:00.000Z"
1.5470299721;1.5814599991;1.4658800364;1.5012700558;1567240;114784064.878;"2016-01-22T00:00:00.000Z"
2.5327401161;2.836990118;1.99477005;2.2763700485;13939200;174275655.892;"2016-01-26T00:00:00.000Z"
2.5077199936;2.6118099689;2.3989200592;2.4450600147;3725080;187435391.2;"2016-01-30T00:00:00.000Z"
2.4319300652;2.5401699543;2.3416199684;2.5286900997;3987750;194099729.616;"2016-02-03T00:00:00.000Z"
2.5364100933;3.0581901073;2.5363800526;2.9643399715;7007060;227838892.268;"2016-02-07T00:00:00.000Z"
4.0005497932;4.8614401817;3.7830998898;4.4362602234;28640400;341305129.282;"2016-02-10T00:00:00.000Z"
5.4043297768;5.4650602341;4.4457101822;5.2397298813;11226500;403647764.301;"2016-02-14T00:00:00.000Z"
3.7746999264;4.7705698013;3.4208800793;4.3991298676;17054000;339328346.46;"2016-02-18T00:00:00.000Z"
4.664949894;5.6457099915;4.6352500916;5.6164999008;15056200;433798973.55;"2016-02-22T00:00:00.000Z"
6.0378298759;6.2687501907;5.7390499115;5.92166996;9526860;457966534.807;"2016-02-26T00:00:00.000Z"
6.3193101883;7.9086399078;6.3088498116;7.6536898613;23098100;592677992.715;"2016-03-01T00:00:00.000Z"
10.370300293;12.2740001678;9.9729003906;11.0037002563;56439600;853205226.207;"2016-03-05T00:00:00.000Z"
9.7924203873;12.0546998978;9.6709899902;11.8979997635;27540500;923733301.053;"2016-03-09T00:00:00.000Z"
13.5101995468;15.2571001053;13.4673995972;14.4750003815;43915100;1125287882.35;"2016-03-13T00:00:00.000Z"
12.5586996078;12.6435003281;10.4426002502;11.0815000534;41650600;865792702.512;"2016-03-17T00:00:00.000Z"
10.3037004471;12.0149002075;10.1616001129;11.8641004562;28572600;928428769.976;"2016-03-21T00:00:00.000Z"
12.442199707;12.5016002655;10.8035001755;11.2349996567;26081800;881027910.325;"2016-03-24T00:00:00.000Z"
10.4314002991;11.8613004684;10.407500267;11.665599823;23188300;916272915.524;"2016-03-28T00:00:00.000Z"
11.4006004333;11.850399971;11.4006004333;11.663599968;11373100;917590806.482;"2016-04-01T00:00:00.000Z"
11.2124996185;11.2124996185;10.1346998215;10.4380998611;20557300;822498173.198;"2016-04-05T00:00:00.000Z"
9.6942300797;10.0888996124;9.0681400299;9.1506204605;16194800;722193576.139;"2016-04-09T00:00:00.000Z"
7.4413599968;8.7197704315;7.0692200661;8.0444202423;31403300;635899506.815;"2016-04-13T00:00:00.000Z"
8.6231899261;9.7019996643;8.5607795715;9.3091001511;24619600;737045140.416;"2016-04-17T00:00:00.000Z"
8.4534597397;8.721830368;7.962220192;8.1021699905;13355400;642511136.687;"2016-04-21T00:00:00.000Z"
8.0077695847;8.0945997238;7.2365098;7.5543398857;18239900;600026226.343;"2016-04-25T00:00:00.000Z"
7.2070298195;7.7309598923;7.171889782;7.4572901726;8762080;593261113.86;"2016-04-29T00:00:00.000Z"
10.1651000977;10.1651000977;9.279800415;9.3112697601;21463900;741932869.154;"2016-05-03T00:00:00.000Z"
9.3156499863;9.4757900238;9.212100029;9.3705101013;10806500;747838842.426;"2016-05-07T00:00:00.000Z"
9.2826499939;9.4790201187;9.2613601685;9.3615198135;9321790;748013845.869;"2016-05-10T00:00:00.000Z"
10.5051002502;10.6149997711;9.8079204559;10.2397003174;18808000;819487227.993;"2016-05-14T00:00:00.000Z"
12.1793003082;14.2589998245;12.1793003082;13.5586004257;65389900;1086834953.88;"2016-05-18T00:00:00.000Z"
14.0404996872;14.3464002609;13.7658004761;14.2861003876;17938900;1146979483.67;"2016-05-22T00:00:00.000Z"
12.5160999298;12.9865999222;12.0592002869;12.4303998947;20764000;999589701.576;"2016-05-26T00:00:00.000Z"
12.3253002167;12.8805999756;12.2658004761;12.7252998352;14733800;1024940354.04;"2016-05-30T00:00:00.000Z"
13.7428998947;13.8738002777;13.2543001175;13.8466997147;22981500;1117035879.01;"2016-06-03T00:00:00.000Z"
13.9453001022;14.5120000839;13.8145999908;14.5120000839;21421600;1172565099.45;"2016-06-07T00:00:00.000Z"
13.9090995789;14.1915998459;13.7202997208;14.1915998459;12176500;1148494818.34;"2016-06-11T00:00:00.000Z"
18.9053001404;18.9053001404;17.7094993591;18.3542995453;19393400;1487730474.69;"2016-06-15T00:00:00.000Z"
11.1673002243;13.182100296;10.63560009;12.2341995239;69783600;993283674.21;"2016-06-19T00:00:00.000Z"
13.2156000137;13.7910995483;12.5640001297;13.676199913;30806400;1112111665.09;"2016-06-23T00:00:00.000Z"
14.2610998154;14.3739004135;13.6564998627;13.8501996994;14747600;1127593039.55;"2016-06-26T00:00:00.000Z"
12.6028995514;12.741900444;12.2536001205;12.4615001678;15801300;1016130567;"2016-06-30T00:00:00.000Z"
11.696100235;11.880200386;11.3894996643;11.4709997177;12943500;936840409.548;"2016-07-04T00:00:00.000Z"
10.1153001785;11.5248003006;9.9612598419;11.3945999146;20039800;932056895.885;"2016-07-08T00:00:00.000Z"
10.4469995499;10.7620000839;10.4258003235;10.5160999298;11127700;861548336.654;"2016-07-12T00:00:00.000Z"
11.9194002151;11.9358997345;11.5923995972;11.6527996063;10445700;956165957.941;"2016-07-16T00:00:00.000Z"
11.5902004242;12.991399765;11.5669002533;12.4505996704;60226100;1023222623.52;"2016-07-20T00:00:00.000Z"
14.295800209;14.4373998642;12.3161001205;12.7495002747;77750800;1049423539.09;"2016-07-24T00:00:00.000Z"
12.9791002274;12.9882001877;12.4926996231;12.8436002731;24603900;1058813508.68;"2016-07-28T00:00:00.000Z"
11.8948001862;12.0136995316;10.9415998459;10.9415998459;23999500;903408507.185;"2016-08-01T00:00:00.000Z"
11.0190000534;11.1764001846;10.7631998062;10.9253997803;15487900;903471434.653;"2016-08-05T00:00:00.000Z"
11.274600029;12.4546003342;11.1999998093;12.2442998886;36656600;1014113083.85;"2016-08-09T00:00:00.000Z"
11.6888999939;12.0416002274;11.6351003647;11.7784996033;13690100;976670290.455;"2016-08-12T00:00:00.000Z"
11.2286996841;11.2372999191;11.0027999878;11.1396999359;7051510;925130735.406;"2016-08-16T00:00:00.000Z"
10.7501001358;11.3007001877;10.7490997314;11.2474002838;7443540;935523907.579;"2016-08-20T00:00:00.000Z"
11.0242996216;11.1546001434;11.0094995499;11.0360002518;4423420;919368975.499;"2016-08-24T00:00:00.000Z"
11.1470003128;11.1470003128;10.9200000763;10.9293003082;5303040;911883241.028;"2016-08-28T00:00:00.000Z"
11.6704998016;12.5815000534;11.6485004425;11.9948997498;24051500;1002322693.97;"2016-09-01T00:00:00.000Z"
11.6805000305;11.806599617;11.5939998627;11.7170000076;5724100;980599518.242;"2016-09-05T00:00:00.000Z"
11.4125003815;11.6800003052;11.3868999481;11.6527996063;6109200;976718523.856;"2016-09-09T00:00:00.000Z"
11.8886995316;12.0855998993;11.8808002472;11.9187002182;11704300;1000535934.04;"2016-09-13T00:00:00.000Z"
12.5581998825;12.7629995346;12.4423999786;12.6985998154;7446610;1067645132.84;"2016-09-17T00:00:00.000Z"
14.4341001511;14.4341001511;13.1702003479;13.7685003281;28645000;1159365902.45;"2016-09-21T00:00:00.000Z"
12.8524999619;13.1075000763;12.7974996567;13.1008996964;5283440;1104901553.18;"2016-09-25T00:00:00.000Z"
13.1073999405;13.4837999344;13.0812997818;13.2748003006;10239000;1120893441.39;"2016-09-28T00:00:00.000Z"
13.1801996231;13.2959003448;13.1430997849;13.1997003555;4079660;1116323114.84;"2016-10-02T00:00:00.000Z"
13.0263004303;13.1436004639;12.6868000031;12.8542995453;12044800;1088798918.13;"2016-10-06T00:00:00.000Z"
12.0607004166;12.0621995926;11.6239995956;11.7554998398;10809200;997363894.952;"2016-10-10T00:00:00.000Z"
11.9891004562;12.0740003586;11.8958997726;11.9381999969;4333510;1014456176.48;"2016-10-14T00:00:00.000Z"
11.9959001541;12.9278001785;11.9959001541;12.5885000229;18864200;1071362740.94;"2016-10-18T00:00:00.000Z"
12.1803998947;12.190199852;11.9540996552;12.0714998245;7583820;1028949804.39;"2016-10-22T00:00:00.000Z"
11.3840999603;11.6625003815;11.3840999603;11.531999588;10221800;984429110.077;"2016-10-26T00:00:00.000Z"
10.4281997681;11.4537000656;10.2948999405;11.182800293;16694900;956007453.652;"2016-10-30T00:00:00.000Z"
10.7976999283;11.1075000763;10.7623996735;10.8009996414;15228600;924716659.063;"2016-11-03T00:00:00.000Z"
10.9036998749;10.956700325;10.7842998505;10.8087997437;5992480;926761430.161;"2016-11-07T00:00:00.000Z"
10.6746997833;10.6771001816;10.513299942;10.5244998932;4253980;903380023.603;"2016-11-10T00:00:00.000Z"
10.0981998444;10.1570997238;9.9560403824;9.9664802551;3573250;856753360.514;"2016-11-14T00:00:00.000Z"
9.9883499146;10.0060997009;9.4761600494;9.4761600494;10816100;815806831.578;"2016-11-18T00:00:00.000Z"
9.6257600784;10.2388000488;9.5910997391;9.9057197571;11284400;854053527.945;"2016-11-22T00:00:00.000Z"
9.4164304733;9.5010299683;9.3107500076;9.3281097412;3505990;805474197.902;"2016-11-26T00:00:00.000Z"
8.1554803848;8.7511301041;8.1554803848;8.5875396729;10626600;742664775.158;"2016-11-30T00:00:00.000Z"
7.903429985;7.9477701187;7.4436798096;7.4436798096;8450790;644685715.26;"2016-12-04T00:00:00.000Z"
8.3835000992;8.8613300323;8.230509758;8.230509758;16042700;713877391.353;"2016-12-08T00:00:00.000Z"
8.1923599243;8.6063299179;8.1650800705;8.5222101212;9119700;740255865.722;"2016-12-12T00:00:00.000Z"
7.8590397835;7.9347701073;7.8044700623;7.8582100868;5178610;683575806.439;"2016-12-16T00:00:00.000Z"
7.6336798668;7.7459001541;7.5715999603;7.6600399017;6313550;667309961.101;"2016-12-20T00:00:00.000Z"
7.1524200439;7.4054298401;7.1524200439;7.2657699585;7626020;633871896.431;"2016-12-24T00:00:00.000Z"
7.2763700485;7.3225798607;7.0904698372;7.1708202362;8778610;626268701.017;"2016-12-27T00:00:00.000Z"
8.1511497498;8.1585597992;7.9093799591;7.9690999985;9066800;696993600.01;"2016-12-31T00:00:00.000Z"
9.7092895508;11.2763996124;9.5598096848;11.2516002655;41051200;985515893.451;"2017-01-04T00:00:00.000Z"
9.8725795746;10.3948001862;9.8289003372;10.2897996902;16676600;902576769.005;"2017-01-08T00:00:00.000Z"
9.7213897705;10.0839996338;9.1755800247;9.8613300323;30453800;866237621.961;"2017-01-12T00:00:00.000Z"
9.8835296631;9.9259195328;9.5835695267;9.6365003586;14937400;847706512.703;"2017-01-16T00:00:00.000Z"
10.3867998123;10.7627000809;10.3521003723;10.6006002426;10992800;933854252.254;"2017-01-20T00:00:00.000Z"
10.7278995514;10.7722997665;10.5712995529;10.6324996948;8327330;938004330.343;"2017-01-24T00:00:00.000Z"
10.5382995605;10.5832004547;10.4293003082;10.5649995804;6580700;933378689.534;"2017-01-28T00:00:00.000Z"
10.7412996292;10.8472003937;10.556599617;10.7320995331;12852200;949491718.191;"2017-02-01T00:00:00.000Z"
11.442199707;11.4861001968;11.3169002533;11.3529996872;5942960;1005855020.81;"2017-02-05T00:00:00.000Z"
11.4358997345;11.5979995728;10.6745004654;11.0321998596;18400300;978825689.733;"2017-02-09T00:00:00.000Z"
11.3533000946;11.4013004303;11.3039999008;11.3992004395;6264900;1012466457.08;"2017-02-12T00:00:00.000Z"
12.920999527;12.920999527;12.5446996689;12.9036998749;38002600;1147726667.72;"2017-02-16T00:00:00.000Z"
12.7651996613;12.8966999054;12.430100441;12.430100441;12994400;1107158285.28;"2017-02-20T00:00:00.000Z"
13.1343002319;13.2322998047;12.8828001022;13.0691995621;19574400;1165715764.87;"2017-02-24T00:00:00.000Z"
15.4506998062;16.0594005585;15.1232995987;15.817199707;65478900;1412825288.28;"2017-02-28T00:00:00.000Z"
19.5170993805;20.0550003052;18.6189002991;18.6189002991;27341900;1665411582.58;"2017-03-04T00:00:00.000Z"
18.8824996948;18.8824996948;16.6513004303;16.6513004303;44304600;1491498829.93;"2017-03-08T00:00:00.000Z"
21.4648990631;23.4377002716;21.3794994354;23.4377002716;74628896;2102276260.29;"2017-03-12T00:00:00.000Z"
35.3572998047;47.1697998047;35.3572998047;46.3457984924;454417984;4162873752.48;"2017-03-16T00:00:00.000Z"
44.8335990906;46.2289009094;42.4446983337;43.3902015686;154700992;3902862599.06;"2017-03-20T00:00:00.000Z"
43.6380004883;54.1447982788;43.2056999207;53.1074981689;297046016;4783511279.96;"2017-03-24T00:00:00.000Z"
49.7103996277;50.9562988281;49.1450996399;50.7748985291;97745296;4579693492.83;"2017-03-28T00:00:00.000Z"
51.7537002563;51.7682991028;47.3802986145;50.0373001099;151416000;4517835716.46;"2017-03-31T00:00:00.000Z"
43.9217987061;45.7396011353;41.7218017578;44.6418991089;157568000;4036201193.54;"2017-04-04T00:00:00.000Z"
41.7984008789;45.2052993774;41.7308006287;44.3070983887;74138800;4011422381.1;"2017-04-08T00:00:00.000Z"
43.4627990723;47.2319984436;43.1100006104;46.2873001099;88045696;4196302993.71;"2017-04-12T00:00:00.000Z"
49.0377998352;49.1431007385;48.1873016357;48.71849823;31343800;4422644315.05;"2017-04-16T00:00:00.000Z"
48.1323013306;49.9889984131;48.1323013306;49.6721992493;79600896;4515241562.83;"2017-04-20T00:00:00.000Z"
48.8666992188;50.1814002991;48.8666992188;50.03150177;55580600;4553943109.04;"2017-04-24T00:00:00.000Z"
62.2268981934;70.846496582;62.1332015991;70.1592025757;346545984;6394355247.08;"2017-04-28T00:00:00.000Z"
76.6533966064;79.353302002;74.3768005371;77.2638015747;193772992;7050941746.05;"2017-05-02T00:00:00.000Z"
94.9121017456;97.8759002686;90.9501037598;97.8134994507;151462000;8937843150.73;"2017-05-06T00:00:00.000Z"
91.1511001587;92.8469009399;85.2863006592;89.5249023438;145602000;8191083679.73;"2017-05-10T00:00:00.000Z"
90.87159729;91.248298645;89.6060028076;90.7864990234;66046600;8317148600.72;"2017-05-14T00:00:00.000Z"
89.2502975464;91.269203186;84.4300003052;89.8603973389;183031008;8239948168.78;"2017-05-17T00:00:00.000Z"
127.5370025635;159.0260009766;125.888999939;157.93699646;570361024;14500421528.6;"2017-05-21T00:00:00.000Z"
189.8489990234;210.9839935303;170.5070037842;174.4459991455;943636992;16036165876.8;"2017-05-25T00:00:00.000Z"
170.1349945068;197.1260070801;164.5299987793;194.908996582;718828032;17939882188.9;"2017-05-29T00:00:00.000Z"
222.2859954834;229.4109954834;219.5839996338;223.7749938965;469532000;20622162298.6;"2017-06-02T00:00:00.000Z"
248.5989990234;267.5140075684;246.8390045166;264.466003418;741553024;24401181120.6;"2017-06-06T00:00:00.000Z"
282.0140075684;350.2609863281;282.0140075684;337.6679992676;1611629952;31192780483;"2017-06-10T00:00:00.000Z"
397.5889892578;399.324005127;342.2149963379;359.0530090332;1272579968;33208658541.8;"2017-06-14T00:00:00.000Z"
379.5190124512;390.5809936523;368.8439941406;371.4580078125;904702976;34398150200.6;"2017-06-18T00:00:00.000Z"
337.733001709;342.0270080566;330.6220092773;336.3710021973;925766976;31185326164.1;"2017-06-22T00:00:00.000Z"
302.9549865723;311.4580078125;238.6490020752;272.691986084;2081810048;25309759967.6;"2017-06-26T00:00:00.000Z"
328.3659973145;330.7080078125;297.3729858398;302.8829956055;1508579968;28136918558.1;"2017-06-29T00:00:00.000Z"
288.4140014648;291.1040039063;281.175994873;282.8980102539;851408000;26310761677.2;"2017-07-03T00:00:00.000Z"
270.3500061035;273.9429931641;244.1739959717;245.9909973145;687251968;22900134646.4;"2017-07-07T00:00:00.000Z"
211.5249938965;220.2910003662;183.391998291;197.404006958;1440950016;18401040700.6;"2017-07-11T00:00:00.000Z"
199.7089996338;200.1609954834;170.6549987793;170.6549987793;810451968;15923953592.6;"2017-07-15T00:00:00.000Z"
234.9409942627;245.6510009766;191.7449951172;199.7030029297;2328790016;18653610728.8;"2017-07-19T00:00:00.000Z"
229.1230010986;231.6799926758;217.7220001221;225.9510040283;649614976;21127295408.6;"2017-07-23T00:00:00.000Z"
204.8560028076;206.4440002441;201.2599945068;204.3179931641;393283008;19124468250.3;"2017-07-27T00:00:00.000Z"
197.4049987793;203.8710021973;193.4109954834;203.8710021973;569414016;19102596754.5;"2017-07-31T00:00:00.000Z"
225.3079986572;227.6210021973;222.0570068359;223.0729980469;539782976;20920682038;"2017-08-04T00:00:00.000Z"
269.1000061035;298.9070129395;266.7959899902;296.7690124512;1502409984;27857712298.9;"2017-08-08T00:00:00.000Z"
308.7099914551;317.5599975586;307.8959960938;310.6010131836;1111650048;29183139234.1;"2017-08-12T00:00:00.000Z"
299.9519958496;300.408996582;279.3269958496;289.8179931641;1051800000;27249639651.1;"2017-08-15T00:00:00.000Z"
296.1809997559;301.6669921875;286.183013916;297.4700012207;860201984;27995885730.5;"2017-08-19T00:00:00.000Z"
315.2659912109;324.2099914551;314.5390014648;317.5190124512;811990016;29911326161.9;"2017-08-23T00:00:00.000Z"
334.3569946289;347.8930053711;334.3569946289;347.8930053711;633369984;32799991738.8;"2017-08-27T00:00:00.000Z"
378.4410095215;386.1390075684;376.3540039063;383.0419921875;706254016;36142706813.6;"2017-08-31T00:00:00.000Z"
347.1329956055;347.1329956055;279.9389953613;295.1709899902;1801689984;27873682151.2;"2017-09-04T00:00:00.000Z"
329.6359863281;329.6359863281;285.1570129395;296.4970092773;1098780032;28021550341.3;"2017-09-08T00:00:00.000Z"
294.6300048828;311.1950073242;287.2279968262;291.4639892578;753144000;27568017612.9;"2017-09-12T00:00:00.000Z"
250.8659973145;262.5929870605;238.2230072021;246.5220031738;711737024;23336257867.7;"2017-09-16T00:00:00.000Z"
282.0150146484;290.8859863281;278.0490112305;283.7420043945;421404000;26881372918.4;"2017-09-20T00:00:00.000Z"
286.2139892578;292.9479980469;278.1319885254;282.483001709;571411008;26780610986.1;"2017-09-24T00:00:00.000Z"
306.4710083008;307.1979980469;295.4700012207;299.1549987793;501894016;28379292200.9;"2017-09-28T00:00:00.000Z"
301.5469970703;303.1929931641;295.0610046387;302.3370056152;306184992;28694730559.4;"2017-10-01T00:00:00.000Z"
292.7730102539;298.0409851074;288.8399963379;295.8630065918;253747008;28098336332.5;"2017-10-05T00:00:00.000Z"
308.6669921875;309.3129882813;288.1849975586;297.391998291;559467008;28261533648.4;"2017-10-09T00:00:00.000Z"
304.0790100098;348.5960083008;299.6570129395;338.7569885254;1304359936;32213441853.9;"2017-10-13T00:00:00.000Z"
333.4840087891;333.4840087891;311.7869873047;317.0820007324;509924000;30173609811.9;"2017-10-17T00:00:00.000Z"
303.5719909668;303.9299926758;291.7680053711;300.1870117188;408014016;28590314193.9;"2017-10-21T00:00:00.000Z"
298.4370117188;301.8489990234;290.7179870605;297.924987793;325040000;28399185652;"2017-10-25T00:00:00.000Z"
296.3810119629;313.7550048828;296.3810119629;305.0880126953;551752000;29106827254.2;"2017-10-29T00:00:00.000Z"
290.7250061035;293.9070129395;281.1719970703;287.4289855957;904900992;27445442367.9;"2017-11-02T00:00:00.000Z"
296.4270019531;305.4150085449;293.717010498;298.891998291;579358976;28564296471.6;"2017-11-06T00:00:00.000Z"
320.6709899902;324.7179870605;294.5419921875;299.2529907227;885985984;28623188737.6;"2017-11-10T00:00:00.000Z"
316.7630004883;340.1770019531;316.7630004883;337.6310119629;1069680000;32321383639.1;"2017-11-14T00:00:00.000Z"
330.1669921875;334.9639892578;327.5230102539;332.3940124512;621732992;31840349187.1;"2017-11-17T00:00:00.000Z"
367.4429931641;372.4700012207;350.6929931641;360.4010009766;949912000;34552559750;"2017-11-21T00:00:00.000Z"
475.675994873;485.191986084;461.0530090332;466.2760009766;1422080000;44741093552.3;"2017-11-25T00:00:00.000Z"
473.2810058594;522.3070068359;425.0710144043;427.5230102539;2675940096;41057383008.6;"2017-11-29T00:00:00.000Z"
463.7049865723;482.8139953613;451.8519897461;465.8529968262;990556992;44776362723.9;"2017-12-03T00:00:00.000Z"
426.3689880371;441.3970031738;414.4110107422;434.407989502;2129570048;41789848007.1;"2017-12-07T00:00:00.000Z"
440.358001709;516.9689941406;439.1040039063;515.1359863281;1771440000;49597927197.8;"2017-12-11T00:00:00.000Z"
696.3759765625;697.132019043;621.0609741211;684.4479980469;2758710016;65956174320.9;"2017-12-15T00:00:00.000Z"
793.9010009766;881.9439697266;785.3419799805;826.8229980469;4096549888;79743740361.5;"2017-12-19T00:00:00.000Z"
681.3159790039;763.8950195313;679.7310180664;719.3870239258;2480339968;69441297649.2;"2017-12-23T00:00:00.000Z"
774.9699707031;789.2529907227;738.4130249023;762.8419799805;2100029952;73698377069.6;"2017-12-27T00:00:00.000Z"
712.2119750977;760.3480224609;710.1190185547;756.7329711914;2554269952;73170170967.3;"2017-12-31T00:00:00.000Z"
886;974.4710083008;868.4509887695;962.7199707031;5093159936;93146829617;"2018-01-03T00:00:00.000Z"
1043.0100097656;1153.1700439453;1043.0100097656;1153.1700439453;5569880064;111670667774;"2018-01-07T00:00:00.000Z"
1268.0899658203;1337.3000488281;1135.1700439453;1154.9300537109;7235899904;111937424561;"2018-01-11T00:00:00.000Z"
1365.2099609375;1390.5899658203;1290.5999755859;1291.9200439453;4781100032;125319766537;"2018-01-15T00:00:00.000Z"
1028.8199462891;1093.2199707031;1003.7100219727;1039.0999755859;4084450048;100883462786;"2018-01-19T00:00:00.000Z"
1004.1699829102;1023.2299804688;920.5399780273;986.2290039063;3556699904;95831359552.3;"2018-01-23T00:00:00.000Z"
1055.75;1121.9799804688;1042.1199951172;1107.0699462891;3002870016;107663911307;"2018-01-27T00:00:00.000Z"
1071.0899658203;1128.6600341797;1034.5;1118.3100585938;3757560064;108848638400;"2018-01-31T00:00:00.000Z"
964.6669921875;969.0319824219;805.0640258789;834.6820068359;2997090048;81310521832.3;"2018-02-04T00:00:00.000Z"
755.8430175781;845.0859985352;755.8430175781;817.8070068359;3708189952;79733609806.2;"2018-02-08T00:00:00.000Z"
817.5079956055;875.9370117188;817.5079956055;868.7069702148;2243450112;84767037716.4;"2018-02-12T00:00:00.000Z"
923.7280273438;951.9479980469;911.1110229492;936.9760131836;2900100096;91485862822;"2018-02-15T00:00:00.000Z"
921.6680297852;957.7769775391;921.5540161133;943.8649902344;2169019904;92235641556;"2018-02-19T00:00:00.000Z"
811.5850219727;886.3179931641;794.791015625;864.1890258789;2334820096;84520567484.8;"2018-02-23T00:00:00.000Z"
870.3649902344;896.258972168;867.0969848633;878.2650146484;2053980032;85968788107.6;"2018-02-27T00:00:00.000Z"
856.7109985352;868.4539794922;855.2069702148;857.2249755859;1699369984;83979651072.5;"2018-03-03T00:00:00.000Z"
816.2709960938;825.6069946289;726.5469970703;752.8309936523;2175419904;73813918307.4;"2018-03-07T00:00:00.000Z"
685.3120117188;735.8309936523;668.1229858398;723.3389892578;1562680064;70981343638.5;"2018-03-11T00:00:00.000Z"
614.8389892578;620.616027832;579.5050048828;611.3040161133;1770460032;60037233577.4;"2018-03-15T00:00:00.000Z"
546.6259765625;558.0999755859;519.1229858398;556.7260131836;2046790016;54722473140.3;"2018-03-19T00:00:00.000Z"
539.8640136719;540.4869995117;512.1270141602;539.6190185547;1596349952;53084905905.7;"2018-03-23T00:00:00.000Z"
489.5899963379;491.4590148926;449.9710083008;450.1159973145;1617939968;44316774117.9;"2018-03-27T00:00:00.000Z"
395.0039978027;418.4679870605;392.9530029297;396.4570007324;1323920000;39066085341.7;"2018-03-31T00:00:00.000Z"
387.3120117188;418.9679870605;383.5320129395;416.8930053711;1363399936;41105280497.5;"2018-04-03T00:00:00.000Z"
370.3800048828;393.0589904785;369.9360046387;385.3139953613;951475008;38023057370.7;"2018-04-07T00:00:00.000Z"
415.0239868164;430.5400085449;412.4710083008;430.5400085449;1439040000;42521044920.4;"2018-04-11T00:00:00.000Z"
502.8800048828;531.7020263672;502.8800048828;531.7020263672;1726089984;52555419462.3;"2018-04-15T00:00:00.000Z"
524.0380249023;567.8889770508;523.2620239258;567.8889770508;2256869888;56178772001.3;"2018-04-19T00:00:00.000Z"
621.1989746094;646.700012207;621.0349731445;642.5479736328;2386830080;63617020167.4;"2018-04-23T00:00:00.000Z"
662.1090087891;684.867980957;647.0319824219;647.0319824219;2598129920;64114105428.4;"2018-04-27T00:00:00.000Z"
670.4630126953;674.4030151367;637.5399780273;673.6129760742;2678960128;66803233984.4;"2018-05-01T00:00:00.000Z"
784.5830078125;827.4550170898;784.2369995117;816.1199951172;3035040000;81003446782.8;"2018-05-05T00:00:00.000Z"
752.9019775391;759.5289916992;718.4719848633;752.2750244141;2877870080;74728439729.9;"2018-05-09T00:00:00.000Z"
687.174987793;741.3120117188;675.3189697266;733.4959716797;2362500096;72923278118.9;"2018-05-13T00:00:00.000Z"
708.7180175781;718.8330078125;668.833984375;672.6569824219;2350619904;66929938612.3;"2018-05-17T00:00:00.000Z"
697.9229736328;723.7529907227;692.6690063477;715.3690185547;2156910080;71224213260.1;"2018-05-20T00:00:00.000Z"
584.5360107422;610.8179931641;557.2059936523;601.7550048828;2791099904;59962094302;"2018-05-24T00:00:00.000Z"
573.0449829102;576.0490112305;512.5520019531;516.0360107422;2356900096;51463146627.2;"2018-05-28T00:00:00.000Z"
578.6719970703;589.0930175781;567.6649780273;580.0430297852;1945890048;57894350583;"2018-06-01T00:00:00.000Z"
593.4060058594;611.3300170898;580.9819946289;609.3029785156;1844269952;60864980394.9;"2018-06-05T00:00:00.000Z"
600.9050292969;608.5830078125;597.5620117188;597.5620117188;1519309952;59741701632.7;"2018-06-09T00:00:00.000Z"
498.0180053711;501.9049987793;459.0039978027;477.4939880371;2080130048;47777150787;"2018-06-13T00:00:00.000Z"
499.4599914551;507.6409912109;498.6480102539;500.4479980469;1264870016;50114921287.6;"2018-06-17T00:00:00.000Z"
536.4470214844;543.7169799805;524.258972168;527.3670043945;1462070016;52853921455.3;"2018-06-21T00:00:00.000Z"
455.9360046387;470.3439941406;448.8959960938;460.3099975586;4007950080;46171165113.8;"2018-06-25T00:00:00.000Z"
422.5870056152;441.7929992676;407.9469909668;436.0090026855;1564499968;43769409548.2;"2018-06-29T00:00:00.000Z"
475.3859863281;483.8540039063;462.5820007324;464.1950073242;1683939968;46637067238.7;"2018-07-03T00:00:00.000Z"
474.3569946289;479.6520080566;457.6149902344;474.0119934082;1627609984;47652424063.6;"2018-07-06T00:00:00.000Z"
476.1619873047;478.3179931641;433.9599914551;434.4240112305;1789069952;43708241775.1;"2018-07-10T00:00:00.000Z"
434.5109863281;439.4339904785;431.4739990234;436.0859985352;1235820032;43911193560.9;"2018-07-14T00:00:00.000Z"
500.8380126953;513.4329833984;474.3590087891;480.5130004883;2371559936;48424155623.5;"2018-07-18T00:00:00.000Z"
462.4379882813;470.8980102539;458.1189880371;459.6570129395;1338589952;46360029756.7;"2018-07-22T00:00:00.000Z"
472.3309936523;483.6960144043;461.4240112305;464.0369873047;1621560064;46839932192.6;"2018-07-26T00:00:00.000Z"
466.827;467.952;448.641;457.081;2141590000;46175217427;"2018-07-30T00:00:00.000Z"
412.567;420.549;399.91;418.262;1722340000;42287977978.1;"2018-08-03T00:00:00.000Z"
406.801;411.405;376.077;380.215;1828350000;38472420232.6;"2018-08-07T00:00:00.000Z"
334.264;334.264;308.488;322.112;1790370000;32619681420.3;"2018-08-11T00:00:00.000Z"
280.387;303.59;280.119;282.364;1878150000;28617473115.7;"2018-08-15T00:00:00.000Z"
316.791;320.446;286.551;295.812;1764020000;29998584852.4;"2018-08-18T00:00:00.000Z"
281.968;297.486;264.998;271.341;1507660000;27539119678.7;"2018-08-22T00:00:00.000Z"
279.525;279.525;272.444;275.197;1206650000;27953028997.1;"2018-08-26T00:00:00.000Z"
289.753;291.243;275.211;284.105;1513100000;28881058148.3;"2018-08-30T00:00:00.000Z"
295.181;295.591;287.432;289.259;1394490000;29428616901.4;"2018-09-03T00:00:00.000Z"
229.535;233.896;217.075;217.203;1678260000;22115522904.4;"2018-09-07T00:00:00.000Z"
198.177;198.506;180.596;185.066;1568900000;18858381965.7;"2018-09-11T00:00:00.000Z"
209.814;226.604;209.606;223.074;1670490000;22749647320.9;"2018-09-15T00:00:00.000Z"
209.472;213.871;201.656;209.969;1733330000;21430323331;"2018-09-19T00:00:00.000Z"
240.992;247.464;237.857;244.33;1693470000;24957339670;"2018-09-23T00:00:00.000Z"
215.44;230.607;212.654;228.494;2030320000;23358464738.5;"2018-09-27T00:00:00.000Z"
233.22;234.145;226.945;230.768;1597500000;23609728018.1;"2018-10-01T00:00:00.000Z"
220.446;226.148;220.09;222.218;1479500000;22748580858.8;"2018-10-04T00:00:00.000Z"
226.509;230.765;224.557;229.255;1470740000;23487672999.7;"2018-10-08T00:00:00.000Z"
188.707;199.401;188.707;196.727;1487900000;20171157773.8;"2018-10-12T00:00:00.000Z"
209.628;212.173;207.984;210.12;1532280000;21561538444.9;"2018-10-16T00:00:00.000Z"
203.515;206.222;203.085;205.43;1238780000;21097037288.7;"2018-10-20T00:00:00.000Z"
204.127;205.581;203.354;203.852;1102220000;20951603017.5;"2018-10-24T00:00:00.000Z"
204.51;205.919;203.523;205.366;1139140000;21123907348.8;"2018-10-28T00:00:00.000Z"
197.537;203.754;197.328;198.872;1336700000;20472105763.9;"2018-11-01T00:00:00.000Z"
207.1;210.819;206.573;209.091;1613510000;21540996877.4;"2018-11-05T00:00:00.000Z"
211.987;213.316;209.515;210.074;1554750000;21659329261.3419;"2018-11-09T00:00:00.000Z"
210.149;210.515;206.135;206.826;1610260000;21341261802.2819;"2018-11-13T00:00:00.000Z"
175.36;175.851;172.869;174.001;1832800000;17968221714.767;"2018-11-17T00:00:00.000Z"
148.811;151.253;126.36;130.339;3134410000;13467303238.6031;"2018-11-20T00:00:00.000Z"
123.304;126.788;110.825;113.494;1800960000;11735901798.827;"2018-11-24T00:00:00.000Z"
110.198;126.048;110.198;122.438;2673470000;12670491119.1293;"2018-11-28T00:00:00.000Z"
118.268150864;120.562046513;116.092041098;116.388899329;1856199148.78;12053770487.1165;"2018-12-02T00:00:00.000Z"
102.450592687;104.103496045;91.7610561566;91.7610561566;2310716932.45;9510417097.19255;"2018-12-06T00:00:00.000Z"
94.9921705261;96.2573021247;90.6542533812;91.6856567551;1756437577.01;9509816314.68256;"2018-12-10T00:00:00.000Z"
86.6303531913;87.1449396082;83.2264745506;84.30829593;1651491876.91;8751209553.55698;"2018-12-14T00:00:00.000Z"
95.1080428852;101.320236081;92.9685186087;101.112455798;2277514075.7;10503295748.6239;"2018-12-18T00:00:00.000Z"
109.45594093;116.759499161;107.503167084;116.759499161;2338772938.8;12137481655.0609;"2018-12-22T00:00:00.000Z"
129.888822727;136.677248539;126.29290758;131.865627374;2720469126.47;13717858345.6728;"2018-12-26T00:00:00.000Z"
137.627462564;140.689090162;133.982333322;139.859452892;2660086834.11;14560066114.1858;"2018-12-30T00:00:00.000Z"
155.196037793;155.863057698;147.198367015;149.135003379;2676164880.24;15536849936.05;"2019-01-03T00:00:00.000Z"
155.804227981;159.371446832;152.085923804;157.746199308;3231294371.16;16442429109.107;"2019-01-06T00:00:00.000Z"
150.843510345;152.148274936;126.52937645;128.625185944;3397734455.64;13416263931.3845;"2019-01-10T00:00:00.000Z"
116.97909648;130.856742484;116.967561828;129.068732601;2798085735.18;13471754801.5015;"2019-01-14T00:00:00.000Z"
123.654651715;123.841693294;120.241901443;121.010265197;2305389799.88;12639234713.3557;"2019-01-18T00:00:00.000Z"
117.11075621;119.66434234;114.676679352;118.747550914;2552507404.73;12410972240.9689;"2019-01-22T00:00:00.000Z"
116.373526343;118.084116514;115.980574489;116.488738462;2412181168.84;12182338148.3055;"2019-01-26T00:00:00.000Z"
105.407204612;109.452982289;104.84379221;108.90753982;2874370354.59;11396282341.1625;"2019-01-30T00:00:00.000Z"
110.490318017;110.827352598;106.563985401;107.492671458;2519334756.88;11254870706.4255;"2019-02-03T00:00:00.000Z"
104.835777289;106.058875046;104.4091339;104.535298574;2326764622.24;10951652648.4384;"2019-02-07T00:00:00.000Z"
124.871533617;124.871533617;120.31174986;121.298395992;3222473887.41;12714795026.099;"2019-02-11T00:00:00.000Z"
121.45369483;123.660125722;121.371914683;122.100387372;3021741614.86;12805280765.9495;"2019-02-15T00:00:00.000Z"
146.398819478;149.929977739;145.12846693;145.346183571;5310842625.39;15250901018.9975;"2019-02-19T00:00:00.000Z"
146.07325688;149.268616878;145.206540951;149.092454265;3731099283.6;15649961167.0137;"2019-02-22T00:00:00.000Z"
139.646094554;139.976439288;136.579610916;138.08968196;3791292838.93;14502464167.2811;"2019-02-26T00:00:00.000Z"
136.350082226;137.184803968;132.436381643;134.206955299;3747176425.17;14103698391.8469;"2019-03-02T00:00:00.000Z"
137.958743981;139.968818612;136.145922155;138.789354083;4589054218.52;14590867639.43;"2019-03-06T00:00:00.000Z"
138.180498896;138.270304947;135.685688913;136.758683137;4578438499.35;14384860875.6693;"2019-03-10T00:00:00.000Z"
133.203901165;135.180852754;132.750069281;133.711599756;4476532147.21;14071628063.688;"2019-03-14T00:00:00.000Z"
140.104859119;142.267216974;138.841560382;139.374600609;4551739878.98;14675181093.7188;"2019-03-18T00:00:00.000Z"
136.562262353;138.794298275;136.228609854;137.181435033;4490899265.96;14451740115.1843;"2019-03-22T00:00:00.000Z"
135.0543259;135.460352857;133.757344445;135.460352857;4499271678.92;14277816265.9858;"2019-03-26T00:00:00.000Z"
142.359143736;149.613229156;141.031743756;142.092680619;5144662126.51;14984615423.234;"2019-03-30T00:00:00.000Z"
164.008634378;178.322057328;157.322144075;161.458801333;10622456246.12;17035703563.9328;"2019-04-03T00:00:00.000Z"
165.511239539;172.515769517;161.799464791;165.947208019;7167016220.88;17516082777.7057;"2019-04-06T00:00:00.000Z"
176.067842046;183.13427354;175.230372034;177.337476528;7856924878.74;18728058766.8129;"2019-04-10T00:00:00.000Z"
164.476088004;168.591039513;162.781475708;167.838520685;4846298303.14;17734050268.5497;"2019-04-14T00:00:00.000Z"
166.913203037;175.365330194;166.672111878;173.814032352;6971581464.43;18374913022.0991;"2019-04-18T00:00:00.000Z"
170.017484048;173.069116345;168.729556071;171.874669558;6094878077.1;18179292262.6536;"2019-04-22T00:00:00.000Z"
154.579432331;158.029006595;152.08567446;156.347087281;7505283355.03;16545462357.3185;"2019-04-26T00:00:00.000Z"
155.172778544;162.432246964;155.172778544;162.166037089;6275803460;17170110492.6186;"2019-04-30T00:00:00.000Z"
167.887214645;170.645927759;161.79142846;164.026580539;6658100048.67;17376070197.628;"2019-05-04T00:00:00.000Z"
169.904205401;172.18354282;166.409241131;170.948168196;6416569597.96;18118602844.298;"2019-05-08T00:00:00.000Z"
194.163027854;201.881480273;183.653931584;187.325322672;10326050089.57;19864635090.7957;"2019-05-12T00:00:00.000Z"
246.941949724;275.394433117;245.795286216;264.010023118;18661465872.83;28010958252.9023;"2019-05-16T00:00:00.000Z"
261.267480176;261.551264718;241.80364457;251.864416688;10834541285.01;26736046291.7593;"2019-05-20T00:00:00.000Z"
244.665121533;247.61663148;233.793092876;245.965672113;10671663487.35;26119891327.4058;"2019-05-23T00:00:00.000Z"
267.141883996;278.50725112;265.444697967;272.86264362;12074664735.62;28991071395.5429;"2019-05-27T00:00:00.000Z"
256.015274453;268.659941413;249.111850141;268.113560321;11255023514.71;28501098830.8551;"2019-05-31T00:00:00.000Z"
252.511642109;252.511642109;236.127213155;241.338786302;10132549746.68;25667971280.79;"2019-06-04T00:00:00.000Z"
251.249319783;252.377389835;243.229106707;245.738091433;7225996863.2;26149221978.7501;"2019-06-08T00:00:00.000Z"
245.925493719;261.017581043;244.49131484;260.903303733;8645598617.64;27777154177.337;"2019-06-12T00:00:00.000Z"
268.901146753;278.143195655;265.535326671;269.223201488;9676746452.62;28677606760.1658;"2019-06-16T00:00:00.000Z"
269.407865566;274.073530845;265.500447699;271.695017157;6408981097.05;28955655289.9731;"2019-06-20T00:00:00.000Z"
307.722135498;312.329349213;299.559549792;310.424669171;8205712062.09;33100160024.2527;"2019-06-24T00:00:00.000Z"
294.143042748;313.031556623;292.939821505;311.226103335;11514656819.55;33202586959.5675;"2019-06-28T00:00:00.000Z"
293.537270366;295.655863867;272.602568914;291.596440849;10618413951.8;31124332020.838;"2019-07-02T00:00:00.000Z"
287.893815381;295.991414758;286.66587155;287.547125887;7674615024.95;30707785755.8538;"2019-07-06T00:00:00.000Z"
313.325173588;318.223115908;305.285813862;308.881016742;10055159802.71;32998749927.8766;"2019-07-09T00:00:00.000Z"
269.281611995;269.641230028;227.269217143;227.578070731;8578339385.95;24328422207.4352;"2019-07-14T00:00:00.000Z"
211.444608109;229.239394359;208.037737641;226.566159112;9327816059.09;24232572602.8968;"2019-07-18T00:00:00.000Z"
225.698652681;226.862576632;213.448377793;217.560020158;6338843918.85;23281138562.9913;"2019-07-22T00:00:00.000Z"
219.62812266;220.236386997;214.125692482;219.62960287;5729852177.98;23514586697.9851;"2019-07-26T00:00:00.000Z"
211.339197095;213.614075143;206.867612782;210.522603615;5489918858.84;22551013736.1935;"2019-07-30T00:00:00.000Z"
217.895548193;224.623226298;217.331741359;222.490335375;5697798687.25;23845116864.2469;"2019-08-03T00:00:00.000Z"
225.925285621;229.656576639;222.775448151;226.391007833;7020342209.93;24275514217.238;"2019-08-07T00:00:00.000Z"
206.732241229;216.59865006;206.510806411;216.092871768;6440605604.67;23183002869.0522;"2019-08-11T00:00:00.000Z"
186.683509034;189.462154165;178.142568297;188.50206008;8197244441.2;20233249251.2831;"2019-08-15T00:00:00.000Z"
194.556030003;203.560151452;193.108249108;203.091932563;6145148691.75;21810324618.1926;"2019-08-19T00:00:00.000Z"
191.106870651;195.906487438;189.562324256;194.706208556;6658162376.91;20920364878.5136;"2019-08-23T00:00:00.000Z"
186.73555531;193.442190135;186.73555531;188.929374951;7207986636.49;20307338402.9685;"2019-08-26T00:00:00.000Z"
169.489281525;170.773508331;167.071417764;168.834875179;5776520220.38;18156660600.9936;"2019-08-30T00:00:00.000Z"
178.357750076;182.347998875;175.970170403;179.49932195;6962728937.89;19313265198.0836;"2019-09-03T00:00:00.000Z"
169.955274874;180.851609039;169.444118955;178.262616376;6791531341.5;19189873688.9762;"2019-09-07T00:00:00.000Z"
179.839500008;181.757468661;176.500914359;178.725492594;7157139034.58;19249367782.4548;"2019-09-11T00:00:00.000Z"
188.068433417;190.399341609;186.44732097;189.789129887;6222874780.04;20451239362.2781;"2019-09-15T00:00:00.000Z"
211.247234001;222.871689908;204.685779042;221.280858893;10620070912.97;23856751721.8975;"2019-09-19T00:00:00.000Z"
211.71320384;211.840511211;201.88723503;201.92131273;7494673136.17;21780534855.2009;"2019-09-23T00:00:00.000Z"
166.651699935;175.610783776;163.209498809;174.710992913;7909313624.78;18854855889.0488;"2019-09-27T00:00:00.000Z"
180.209117089;185.045535125;175.812652621;177.340419656;7676276225.21;19148222891.9103;"2019-10-01T00:00:00.000Z"
176.946323748;177.713243918;173.069557552;176.351522792;5837211771.44;19050956366.7615;"2019-10-05T00:00:00.000Z"
182.036297684;194.300496365;180.668441732;193.293257938;9088122101.43;20891536594.5492;"2019-10-09T00:00:00.000Z"
182.53403369;186.304888474;179.984837776;180.826640026;7494328840.33;19551368532.4125;"2019-10-12T00:00:00.000Z"
181.343735143;181.668609283;174.064157493;176.013511357;7691244590.3;19040429001.7184;"2019-10-16T00:00:00.000Z"
172.974754539;176.718681634;171.210717443;175.534373653;6801091120.45;18997957789.4207;"2019-10-20T00:00:00.000Z"
162.514108625;164.147567595;160.887955434;162.16854058;7300917536.96;17560021218.4094;"2019-10-24T00:00:00.000Z"
184.397511597;187.883155619;180.249559524;182.662817561;10406734124.29;19788729316.0292;"2019-10-28T00:00:00.000Z"
183.803690756;185.059713079;181.094492084;183.969902446;9145611130.24;19940014310.5249;"2019-11-01T00:00:00.000Z"
186.309310325;191.257831666;184.331984425;189.304170553;10024177342.26;20528094420.2551;"2019-11-05T00:00:00.000Z"
184.311722495;185.838538565;183.902230949;185.028722122;7277418704.14;20074095541.1634;"2019-11-09T00:00:00.000Z"
186.942441671;189.331878003;185.937949171;188.258745224;7343173595.62;20434064781.4449;"2019-11-13T00:00:00.000Z"
183.350825286;188.191346079;182.336800497;185.119235523;7364325470.86;20102654600.778;"2019-11-17T00:00:00.000Z"
175.673600001;176.209206597;159.365129955;161.462725503;8546371324.81;17541867625.6188;"2019-11-21T00:00:00.000Z"
153.430526462;153.965918032;142.83470143;142.83470143;7782769097.96;15523459920.4853;"2019-11-24T00:00:00.000Z"
153.069243365;156.61359186;151.091123923;151.717573997;7346531960.15;16496129469.801;"2019-11-28T00:00:00.000Z"
151.175477999;152.116960828;147.606802776;149.059152693;6670561362.04;16214125031.9422;"2019-12-02T00:00:00.000Z"
149.396488916;149.670523552;147.606520714;149.194447774;6458766440.82;16235876300.527;"2019-12-06T00:00:00.000Z"
148.179858747;148.564463566;144.907955651;146.267046031;6859512024.66;15924221614.0148;"2019-12-10T00:00:00.000Z"
144.953417715;145.529079348;142.434559895;142.869227238;7048066972.93;15560820322.603;"2019-12-14T00:00:00.000Z"
122.656835836;133.394160052;119.780058221;133.092194403;11864518320.54;14501554619.9584;"2019-12-18T00:00:00.000Z"
128.098122038;133.160030519;127.928485872;132.37251946;9121058480.87;14428651183.0413;"2019-12-22T00:00:00.000Z"
126.486325728;130.898351138;125.406443018;126.361222911;8600871979.92;13778664460.1475;"2019-12-26T00:00:00.000Z"
134.796516661;136.75735672;131.545562924;132.633488892;9796951715.72;14468140711.8256;"2019-12-30T00:00:00.000Z"
127.411261334;134.554013719;126.490019807;134.171712485;10476845358.08;14642130119.6642;"2020-01-03T00:00:00.000Z"
144.311990223;145.001774824;140.4888772;143.543998337;9257954671.54;15672773110.1732;"2020-01-07T00:00:00.000Z"
138.967043356;144.167321507;135.5203966;143.963781218;9084816202.77;15724494552.6748;"2020-01-10T00:00:00.000Z"
144.25104879;167.681553672;144.0649254;165.955358611;16712318373.02;18135588270.9266;"2020-01-14T00:00:00.000Z"
170.747720668;178.528782319;166.789015581;175.36567147;14929342255.53;19173512822.9137;"2020-01-18T00:00:00.000Z"
169.608539246;171.008695889;166.774231806;168.294161709;9209827927.92;18409534609.4783;"2020-01-22T00:00:00.000Z"
161.176822823;168.220317249;160.281126809;168.077100489;9261861589.62;18394952134.9465;"2020-01-26T00:00:00.000Z"
174.917704987;186.260489829;172.374633859;184.690476436;12604789338.04;20223232963.5657;"2020-01-30T00:00:00.000Z"
188.607413495;193.436888878;188.012688899;189.865063235;12392875241.4;20800183238.206;"2020-02-03T00:00:00.000Z"
212.315888796;223.14093027;212.304201429;222.72606629;16673443564.3;24412375481.5021;"2020-02-07T00:00:00.000Z"
223.38493801;236.547127792;218.61761447;235.851199501;16964695963.49;25863852652.7983;"2020-02-11T00:00:00.000Z"
284.561303249;287.123696828;264.27967198;264.728585265;23682452994.32;29045044403.4449;"2020-02-15T00:00:00.000Z"
282.036283234;283.537934246;259.763962739;259.763962739;22679414412.72;28514562065.0578;"2020-02-19T00:00:00.000Z"
262.278398469;273.754156046;261.960509305;273.754156046;19585998813.87;30065188433.327;"2020-02-23T00:00:00.000Z"
247.740203914;249.649704471;221.26655528;225.680265514;26235617201.08;24794645345.3129;"2020-02-26T00:00:00.000Z"
219.752677765;226.677879726;214.130438219;218.970599927;18179807469.1;24069393931.8345;"2020-03-01T00:00:00.000Z"
224.641887879;234.364462456;224.641887879;229.26818886;18201291785.3;25213804821.1574;"2020-03-05T00:00:00.000Z"
201.318494784;207.451400445;192.269899128;201.986327111;23645428606.11;22224520905.918;"2020-03-09T00:00:00.000Z"
112.6899948;137.429536226;95.1843005183;133.201807239;27864623060.66;14663417618.4701;"2020-03-13T00:00:00.000Z"
110.406784983;118.988285212;110.406784983;113.942750228;12087490572.29;12549513954.4941;"2020-03-17T00:00:00.000Z"
133.101765752;135.972415782;127.163757137;132.818707849;13684083307.75;14635764102.3456;"2020-03-21T00:00:00.000Z"
138.914967306;141.403786497;134.304231776;136.195892908;13433092919.86;15015344149.514;"2020-03-25T00:00:00.000Z"
131.015337153;131.174080408;125.450053646;125.583730441;9938133668.53;13852241607.2783;"2020-03-29T00:00:00.000Z"
135.732172896;146.787092408;135.732172896;142.029147631;15322861686.06;15673960168.7607;"2020-04-02T00:00:00.000Z"
143.608209519;169.272648648;143.544606813;169.135884595;21636382525.1;18674571701.0477;"2020-04-06T00:00:00.000Z"
170.829264498;170.949774109;154.914474452;158.412448608;17980944615.71;17499250378.1532;"2020-04-10T00:00:00.000Z"
160.720665735;160.749700846;151.614491183;156.279549094;16465282132.79;17270031992.1863;"2020-04-13T00:00:00.000Z"
172.279425236;174.275902646;169.751566356;171.638582707;16714684265.88;18976660194.137;"2020-04-17T00:00:00.000Z"
172.017710093;175.17845978;170.552841658;172.737700531;16458767984.09;19107591181.7675;"2020-04-21T00:00:00.000Z"
189.207401976;196.792378168;188.459533591;195.515300681;18260969748.15;21637838416.5429;"2020-04-25T00:00:00.000Z"
198.465191822;218.454630785;198.124507757;216.968223855;26397548759.26;24023887081.339;"2020-04-29T00:00:00.000Z"
215.352072089;219.270867579;208.692373475;210.93315693;20469034664.13;23367177866.6255;"2020-05-03T00:00:00.000Z"
203.912850387;214.392466787;202.074837325;212.289405787;23594744655.39;23528981906.0044;"2020-05-07T00:00:00.000Z"
188.632189899;191.362328624;180.718334193;185.91283695;20054601646.79;20615704448.6711;"2020-05-11T00:00:00.000Z"
202.955396986;203.566393272;193.75567763;195.622658341;16602342092.13;21703086884.9707;"2020-05-15T00:00:00.000Z"
214.604940045;214.604940045;210.143052695;213.451110911;14346192778.71;23692625223.663;"2020-05-19T00:00:00.000Z"
207.194488408;210.386456132;205.294214505;208.694402844;10665476767.64;23176030658.6082;"2020-05-23T00:00:00.000Z"
201.893006735;208.863429364;201.785061228;208.863429364;10631034756.45;23206144127.4458;"2020-05-27T00:00:00.000Z"
220.717210701;243.943144477;218.744454287;242.345590189;15027397866.51;26936114603.8668;"2020-05-30T00:00:00.000Z"
237.395211559;244.179324047;235.464454028;244.179324047;9861760817.13;27153238868.036;"2020-06-03T00:00:00.000Z"
241.90807498;245.435253962;236.325258653;245.167259144;9544883157.42;27276459502.3961;"2020-06-07T00:00:00.000Z"
247.548531685;249.888304723;229.942972879;231.702669421;12356528860.48;25791024830.9758;"2020-06-11T00:00:00.000Z"
234.058302429;234.237839308;221.241757979;229.928901759;10536099884.12;25606145743.4091;"2020-06-15T00:00:00.000Z"
231.954971097;232.154108026;226.795185699;227.138289785;6946372589.53;25307718819.0129;"2020-06-19T00:00:00.000Z"
242.537021612;244.864415389;239.759728576;244.142144306;6624530348.24;27215606543.0927;"2020-06-23T00:00:00.000Z"
229.631491261;232.493416655;220.564568586;222.959785939;6918380954.97;24866429444.8032;"2020-06-27T00:00:00.000Z"
226.134585409;232.756119421;224.835737857;231.113421712;6463737442.75;25788404349.8574;"2020-07-01T00:00:00.000Z"
228.976197947;229.856724001;224.544490381;227.664598709;5292172428.83;25415950648.5611;"2020-07-05T00:00:00.000Z"
246.748290882;247.291668553;239.898645911;243.015967829;8429099198.82;27143016879.0994;"2020-07-09T00:00:00.000Z"
239.459633832;243.311135946;237.770210731;242.131695235;6596394717.64;27054158345.9268;"2020-07-12T00:00:00.000Z"
238.450915595;239.00625292;231.621168905;233.640883013;5832057567.03;26118155895.4767;"2020-07-16T00:00:00.000Z"
238.49487642;239.576253504;234.85264297;236.153167708;5600686192.18;26411853755.5587;"2020-07-20T00:00:00.000Z"
274.722698403;286.192831871;269.239784575;279.215409484;9466060358.16;31243266715.6353;"2020-07-24T00:00:00.000Z"
321.829751647;325.905965506;307.721358662;316.657252341;12357108064.57;35450097600.2147;"2020-07-28T00:00:00.000Z"
345.798601857;388.847974328;343.587434131;385.199719325;14045259476.54;43144477508.4031;"2020-08-01T00:00:00.000Z"
389.710819888;406.303965292;386.218484117;401.59058634;12875466638.43;45002213068.816;"2020-08-05T00:00:00.000Z"
395.305236246;399.737078385;385.83072806;391.120454943;9451065592.33;43850292041.2966;"2020-08-09T00:00:00.000Z"
390.838108955;432.90459151;379.710891007;428.741782282;18480303525.53;48091569051.6055;"2020-08-13T00:00:00.000Z"
433.973761033;442.734973852;422.647281056;429.531252334;13227089409.92;48203426750.7282;"2020-08-17T00:00:00.000Z"
416.148774123;418.637980133;387.441124032;389.126350308;11781796374;43690315907.4493;"2020-08-21T00:00:00.000Z"
408.07168495;408.527929724;374.355391228;384.001043035;12428442042.19;43135697974.0757;"2020-08-25T00:00:00.000Z"
382.629568423;397.757636387;381.273841602;395.874666093;9120674421.41;44485705031.5215;"2020-08-28T00:00:00.000Z"
434.874437724;487.211889983;432.079179027;477.051924154;18862763755.96;53633933560.1349;"2020-09-01T00:00:00.000Z"
388.0383992;394.172264436;316.774345734;335.260079079;29880047640.49;37710860057.8221;"2020-09-05T00:00:00.000Z"
337.824924824;359.164487377;332.164997639;351.110016528;14547933520.42;39512826169.5128;"2020-09-09T00:00:00.000Z"
387.519295759;388.959797641;354.340174183;365.570005047;15005899191.1;41160025962.3255;"2020-09-13T00:00:00.000Z"
365.865769814;393.901600481;364.795132142;389.019219686;19899531080.5;43821351213.4089;"2020-09-17T00:00:00.000Z"
371.400157647;375.737030935;336.068960729;341.78607406;17398267133.3;38519366614.9833;"2020-09-21T00:00:00.000Z"
349.41142898;357.77273229;339.01592078;352.18324474;14381086966.4;39707914545.58389;"2020-09-25T00:00:00.000Z"
354.36299867;360.35337688;352.14686547;359.75739393;11600013236.4;40581050364.06368;"2020-09-29T00:00:00.000Z"
346.21862615;351.30770267;344.66657351;346.52208572;10060167888.73;39106512853.707;"2020-10-03T00:00:00.000Z"
340.94309675;342.45083035;334.54556532;341.80866898;11929918060.02;38592810957.35199;"2020-10-07T00:00:00.000Z"
370.92844542;377.24679039;369.82802948;375.14204941;12584512533;42376475414.90144;"2020-10-11T00:00:00.000Z"
381.97145394;387.29617035;374.17501021;379.48403791;13918846566.59;42884585295.289;"2020-10-14T00:00:00.000Z"
368.727532;378.59764251;368.12915441;378.21369795;11047103109.42;42761561163.7144;"2020-10-18T00:00:00.000Z"
391.48861746;420.14165637;391.27631152;413.77299269;15772846484.71;46795599920.856316;"2020-10-22T00:00:00.000Z"
406.21798565;411.2798721;383.78290059;393.88831313;15155684229.2;44576504573.78982;"2020-10-26T00:00:00.000Z"
386.73024915;391.46472807;375.09240681;382.81999199;13688056969.67;43344676042.68595;"2020-10-30T00:00:00.000Z"
383.15604785;389.51539403;371.31273818;387.60217328;12588494762.18;43907159817.48543;"2020-11-03T00:00:00.000Z"
454.72255187;465.67547017;428.45635273;435.71313513;18873289788.27;49380744877.99334;"2020-11-07T00:00:00.000Z"
449.67967125;473.57885205;449.52494523;462.96052774;14075403511.08;52493805531.739815;"2020-11-11T00:00:00.000Z"
460.14988916;460.99407703;440.25434243;447.55909533;10308617164.81;50771836456.38847;"2020-11-15T00:00:00.000Z"
479.48102101;480.12172263;465.70424953;471.63041968;12473929217.9;53528035617.425156;"2020-11-19T00:00:00.000Z"
558.05952521;609.98760285;551.26522877;608.45402857;27272302871.86;69089845802.23105;"2020-11-23T00:00:00.000Z"
519.10809996;530.777145;497.24262386;517.49368769;16831105702.97;58789344388.97764;"2020-11-27T00:00:00.000Z"
575.75708438;615.24053897;571.53775295;614.84252202;20276867832.97;69873714778.47928;"2020-11-30T00:00:00.000Z"
616.72280206;618.98313731;569.2834906;569.35419749;16337589996.9;64734997134.67744;"2020-12-04T00:00:00.000Z"
591.90083407;594.75156541;552.46924616;554.82775708;14398919320.07;63113292236.578674;"2020-12-08T00:00:00.000Z"
545.57856237;573.33944367;545.24559945;568.56731778;8534557897.35;64706942225.99528;"2020-12-12T00:00:00.000Z"
589.37866405;636.6403226;582.03913098;636.18184867;15817248372.94;72436347872.16913;"2020-12-16T00:00:00.000Z"
659.18504794;659.92368345;625.01446125;638.29084637;13375855441.56;72711065644.97649;"2020-12-20T00:00:00.000Z"
584.13564707;613.81516598;568.59637875;611.60718693;14317413702.73;69704465559.66194;"2020-12-24T00:00:00.000Z"
683.2058149;745.87776599;683.2058149;730.39736483;24222565862.36;83282601744.92747;"2020-12-28T00:00:00.000Z"
737.70837778;749.20185892;719.79225795;730.36756913;13652004358.41;83318539689.41852;"2021-01-01T00:00:00.000Z"
1041.49883123;1129.37148825;986.81128264;1100.00609944;41535932781.27;125545618320.15997;"2021-01-05T00:00:00.000Z"
1223.74045255;1303.87183285;1182.27042011;1281.07729102;33233105360.85;146280792179.4133;"2021-01-09T00:00:00.000Z"
1088.52668638;1149.24028662;1012.7641325;1043.43458391;37494601691.6;119187795979.95865;"2021-01-12T00:00:00.000Z"
1171.44306049;1290.0535966;1157.62382501;1233.53756838;32319240157.31;140969419371.64862;"2021-01-16T00:00:00.000Z"
1375.24846709;1405.74408751;1243.29997404;1382.27409433;46784030909.23;158042129137.30182;"2021-01-20T00:00:00.000Z"
1231.21059279;1395.11130107;1225.27404483;1391.60940757;36418163553.77;159184556292.11795;"2021-01-24T00:00:00.000Z"
1251.27984357;1356.28872771;1226.17394719;1332.49224455;34637234789.36;152494242714.12;"2021-01-28T00:00:00.000Z"
1314.85528255;1373.84580379;1274.35775467;1369.04046855;29210670919.95;156750867717.37;"2021-02-01T00:00:00.000Z"
1594.79333006;1756.51103181;1594.79333006;1718.65087218;40108628453.57;196873128686.52;"2021-02-05T00:00:00.000Z"
1746.92613167;1815.96356989;1711.62055635;1768.03501655;44180727528.56;202625894958.75;"2021-02-09T00:00:00.000Z"
1843.98675965;1871.60354682;1770.61208607;1814.10985253;35359490534.52;208004282357.62;"2021-02-13T00:00:00.000Z"
1781.35009235;1853.66754295;1736.70582293;1848.4582725;35955412703.36;212042961268.08;"2021-02-17T00:00:00.000Z"
1918.67314966;1974.25958766;1890.368116;1935.60106022;23626547717.45;222144116573.88;"2021-02-21T00:00:00.000Z"
1625.39388181;1670.2240615;1465.05894621;1475.70373513;24481681872.94;169442679395.07;"2021-02-25T00:00:00.000Z"
1459.86043474;1468.39151007;1300.47211681;1416.0489059;27637026080.32;162650415374.44;"2021-02-28T00:00:00.000Z"
1574.62376021;1622.95385381;1511.10343348;1541.91428551;22906118717.5;177191062441.39;"2021-03-04T00:00:00.000Z"
1724.22924131;1835.19213274;1670.9419727;1834.72788609;27630991157.89;210939589076.28;"2021-03-08T00:00:00.000Z"
1826.54671296;1839.49727601;1728.9809364;1772.10247833;22435821312.49;203835039480.31;"2021-03-12T00:00:00.000Z"
1792.41376142;1817.0601581;1720.0532081;1806.9717631;23828509589.87;207943962561.62;"2021-03-16T00:00:00.000Z"
1817.52273101;1874.70899723;1811.72869569;1812.63460132;22677674970.21;208693780293.25;"2021-03-20T00:00:00.000Z"
1678.00253892;1740.42819996;1570.78800082;1593.4134567;31228051472.9;183540070276.94;"2021-03-24T00:00:00.000Z"
1716.40566126;1728.58414613;1672.66038223;1691.35596451;16599472937.88;194913443083.05;"2021-03-28T00:00:00.000Z"
1919.15728391;1989.05504875;1912.17840836;1977.27688844;30914259795.49;227970125751.28;"2021-04-01T00:00:00.000Z"
2093.26068664;2140.98525111;2032.38766481;2107.88709669;28889391170.41;243143128759.79;"2021-04-05T00:00:00.000Z"
2088.77229912;2102.87373189;2055.16335741;2072.10887563;19812472091.89;239127946688.06;"2021-04-09T00:00:00.000Z"
2139.36422943;2318.42323937;2138.55951609;2299.18778599;29456642939.44;265458239569.45;"2021-04-13T00:00:00.000Z"
2516.60175792;2547.55559156;2318.67500775;2431.94650379;36196928256.13;280884355081.89;"2021-04-16T00:00:00.000Z"
2161.93946062;2345.83504061;2060.14379518;2330.21093719;39433483315.46;269259968844.18;"2021-04-20T00:00:00.000Z"
2367.19923887;2367.74098549;2163.69318728;2211.62580802;31854226935.79;255676477656.12;"2021-04-24T00:00:00.000Z"
2664.68556452;2757.47734784;2564.08145904;2746.38005291;34269031076.26;317645696234.41;"2021-04-28T00:00:00.000Z"
2945.56009991;2984.89188214;2860.52607535;2952.05605494;28032013046.65;341593133885.94;"2021-05-02T00:00:00.000Z"
3524.93091226;3598.8958895;3386.23992743;3490.88045894;44300394787.61;404131394792.06;"2021-05-06T00:00:00.000Z"
3924.41325439;4197.47327657;3684.45161614;3952.29387234;62691789006.63;457761219806.87;"2021-05-10T00:00:00.000Z"
3720.12221785;4171.01696316;3703.39999909;4079.05745857;48174271215.31;472663570788.42;"2021-05-14T00:00:00.000Z"
3276.87233937;3562.46515966;3246.40408372;3380.0700925;40416525218.24;391850295263.05;"2021-05-18T00:00:00.000Z"
2436.01456723;2483.98311416;2168.12431696;2295.70565666;42089937660.13;266263966983.58;"2021-05-22T00:00:00.000Z"
2707.05274042;2911.73570619;2652.09450965;2888.69868104;42499766019.91;335196485645.87;"2021-05-26T00:00:00.000Z"
2278.28870326;2472.18781806;2188.83450392;2390.305302;25876619427.51;277492990926.56;"2021-05-30T00:00:00.000Z"
2634.45599562;2801.39239636;2555.40148136;2706.12497095;27723267358.58;314266256163.17;"2021-06-02T00:00:00.000Z"
2629.74870279;2743.44109197;2616.16239542;2715.09266119;25311639413.72;315453931557.78;"2021-06-06T00:00:00.000Z"
2611.14265155;2619.95779308;2435.40156701;2471.51867508;28753626390.06;287286991033.16;"2021-06-10T00:00:00.000Z"
2508.77046164;2606.43292939;2469.38814386;2537.8911584;26964576331.1;295112636977.77;"2021-06-14T00:00:00.000Z"
2374.58702943;2377.19517526;2147.30824917;2231.73314201;22752818387.52;259654503060.1;"2021-06-18T00:00:00.000Z"
1886.66763512;1993.15982243;1707.60059497;1874.95002135;35547251725.26;218244605870.43;"2021-06-22T00:00:00.000Z"
1810.88425347;1850.17977935;1719.55946366;1829.23921725;20637542360.58;213021180909.06;"2021-06-26T00:00:00.000Z"
2164.21630987;2282.98896861;2090.76073113;2274.54771264;25828056267.87;265001225920.83;"2021-06-30T00:00:00.000Z"
2226.55038208;2384.28685703;2190.83770349;2321.72411157;18787107473.09;270621669241.05;"2021-07-04T00:00:00.000Z"
2317.94916462;2324.00692952;2089.41422712;2120.02634294;23188123688.61;247225603541.86;"2021-07-08T00:00:00.000Z"
2140.5069214;2167.71008593;2011.01886591;2036.72101006;17768129077;237619933340.13;"2021-07-12T00:00:00.000Z"
1916.59839927;1959.69632466;1853.59029665;1880.38298492;14884569146.97;219480196483.44;"2021-07-16T00:00:00.000Z"
1893.05362407;1916.11804642;1807.90987918;1817.29665658;14157735481.02;212189036786.93;"2021-07-19T00:00:00.000Z"
2025.10570592;2129.44114558;2000.43629475;2124.77667106;16200392492.01;248204064165.49;"2021-07-23T00:00:00.000Z"
2230.1970236;2316.95017117;2154.73128113;2298.33346431;23067480378.3;268599779831.34;"2021-07-27T00:00:00.000Z"
2461.57571887;2551.16108426;2423.8160568;2536.21003475;18001710282.76;296532997873.12;"2021-07-31T00:00:00.000Z"
2508.54483385;2764.44359605;2463.46941907;2724.61989291;25038698172.55;318705809705.32;"2021-08-04T00:00:00.000Z"
3161.23277909;3184.60397147;2951.7472268;3013.73275583;28433638007.93;352685939542.19;"2021-08-08T00:00:00.000Z"
3164.17580762;3236.31471288;2984.16708586;3043.41434022;25403699845.38;356323695445.66;"2021-08-12T00:00:00.000Z"
3309.42207261;3333.99493341;3139.77854262;3156.50942728;23080039948.94;369734989543.8;"2021-08-16T00:00:00.000Z"
3182.1625608;3298.24662256;3178.10371046;3286.93532606;20885619827.66;385190199131.35;"2021-08-20T00:00:00.000Z"
3324.85545576;3358.68831957;3154.12131888;3172.45639017;20131028905.81;371945926397.26;"2021-08-24T00:00:00.000Z"
3275.10446885;3284.84596028;3217.40356823;3244.40326129;13709633698.05;380556000846.32;"2021-08-28T00:00:00.000Z"
3227.75803268;3466.9922831;3195.21653527;3433.73278118;27280502987.45;402902770209.73;"2021-08-31T00:00:00.000Z"
3937.91022551;3969.44873935;3837.93105389;3887.82849032;20806963328.18;456394981337.27;"2021-09-04T00:00:00.000Z"
3428.37807246;3559.12122566;3224.76478381;3497.3151233;31738430770.55;410741599781.82;"2021-09-08T00:00:00.000Z"
3270.29179564;3462.46814326;3235.10944575;3410.13459276;16810411423.56;400686506366.53;"2021-09-12T00:00:00.000Z"
3613.0736241281;3673.3108990605;3489.8057446123;3571.2949350055;20093903064.17;419815044703.82;"2021-09-16T00:00:00.000Z"
3329.6707152299;3343.3254174779;2940.839160476;2958.9935047283;27371684581.43;347997332693.36;"2021-09-20T00:00:00.000Z"
3154.562121277;3159.6439410349;2747.3375899351;2931.6692167197;25595422789.23;344941570041.98;"2021-09-24T00:00:00.000Z"
2928.9632928603;2970.7704863372;2793.3605080171;2807.2967397712;16895079070.2;330459005351.95;"2021-09-28T00:00:00.000Z"
3308.8704033522;3464.837380219;3260.027537768;3391.6943469498;19202671703.53;399433404741.12;"2021-10-02T00:00:00.000Z"
3516.5702189818;3622.5512502363;3354.4696453725;3580.562049118;21855226591.2;421867592041.96;"2021-10-06T00:00:00.000Z"
3575.0206237472;3603.2449226661;3414.97104634;3425.8528528103;16171746693.48;403822590445.88;"2021-10-10T00:00:00.000Z"
3604.9589145278;3819.2584774685;3590.2752001806;3786.0140899273;19443499909.33;446474897130.95;"2021-10-14T00:00:00.000Z"
3829.8588098611;3914.8980649163;3660.7233872322;3847.1045954765;15908090346.33;453838694183.69;"2021-10-17T00:00:00.000Z"
4161.7135807451;4366.0883589591;4032.4838876682;4054.322680585;28220661819.63;478500948879.97;"2021-10-21T00:00:00.000Z"
4084.4256657302;4236.6671242876;4072.0346013779;4217.8769262219;15995727039.79;498030801217.41;"2021-10-25T00:00:00.000Z"
4288.6866712925;4455.7353969388;4271.707345689;4414.7466822498;22967641914.1;521512615610.04;"2021-10-29T00:00:00.000Z"
4322.5010563588;4599.9484103734;4288.6867507539;4584.7986683562;20794448222.01;541846540463.14;"2021-11-02T00:00:00.000Z"
4482.6479733819;4530.9969528956;4334.9735870563;4521.5810828056;14429076699.57;534616843812.57;"2021-11-06T00:00:00.000Z"
4733.3629598373;4859.5030728835;4485.0934435672;4636.1742138137;22748160544.75;548414296327.06;"2021-11-10T00:00:00.000Z"
4648.6325792697;4689.8429456193;4516.9357724476;4626.3591259873;12172962219.01;547499259423.06;"2021-11-14T00:00:00.000Z"
4287.8023007027;4343.5569586605;3959.2277899264;4000.6508651381;21383250893.11;473663292938.19;"2021-11-18T00:00:00.000Z"
4266.509396049;4302.0231118904;4033.5723000095;4088.4578165556;19752218876.96;484275218142.14;"2021-11-22T00:00:00.000Z"
4522.2090329558;4550.8422513571;3933.5064907621;4030.9090107593;26281795488.05;477672051592.7;"2021-11-26T00:00:00.000Z"
4447.7678295944;4753.2661631022;4358.074277785;4631.4787953361;28626354110.88;549085770690.68;"2021-11-30T00:00:00.000Z"
4514.3558659875;4647.2892659748;4100.1456136584;4220.7059283582;25879591527.67;500552313217.43;"2021-12-03T00:00:00.000Z"
4358.5871276004;4428.5892479817;4264.3236330035;4315.0615432082;22366213353.92;511968714781.49;"2021-12-07T00:00:00.000Z"
3909.6677753192;4095.6485248214;3846.0544772798;4084.4523285721;19131502454.27;484824810239.99;"2021-12-11T00:00:00.000Z"
3862.2514128901;4086.3728955738;3664.7198846949;4018.3886028698;26411188833.15;477201243361.62;"2021-12-15T00:00:00.000Z"
3960.8723470865;4018.6584963562;3894.3986319618;3922.5926443659;16167785597.07;466037604378.56;"2021-12-19T00:00:00.000Z"
3981.961587154;4149.0266811302;3897.2344728111;4108.0155124594;18007273742.24;488291028083.54;"2021-12-23T00:00:00.000Z"
4064.7464106798;4126.0014394714;4033.4924687052;4037.5476922425;11424360002.26;480134213400.66;"2021-12-27T00:00:00.000Z"
3713.4300930652;3807.2889197073;3636.869897476;3682.6329054434;14157285267.65;438128003490.89;"2021-12-31T00:00:00.000Z"
3761.3615691757;3876.7850857924;3723.3499617773;3794.0566786784;14030925983.17;451591466825.1;"2022-01-04T00:00:00.000Z"
3193.5025462263;3240.3044814174;3020.880901329;3091.9725838675;16037732700.47;368192421486.96;"2022-01-08T00:00:00.000Z"
3238.4499924874;3401.2199272007;3216.7179514698;3372.2583258487;16662871689.19;401752380545.64;"2022-01-12T00:00:00.000Z"
3330.3870946805;3376.4012018429;3291.5637221564;3350.9219689819;9505934873.65;399392136112.46;"2022-01-16T00:00:00.000Z"
3163.850271307;3171.1583980361;3055.2123779375;3095.8258381686;13187424143.89;369113617588.73;"2022-01-19T00:00:00.000Z"
2406.9244157032;2542.1447376583;2381.5151588993;2535.0390510606;16481489511.36;302389263380.59;"2022-01-23T00:00:00.000Z"
2467.1884595475;2510.451687363;2328.4522668591;2423.0012634172;16126522782.62;289156264093.83;"2022-01-27T00:00:00.000Z"
2603.2633963512;2697.7353675686;2489.0721760024;2688.2789217993;13778234613.69;320959888865.31;"2022-01-31T00:00:00.000Z"
2681.0575877554;2983.5869952246;2675.4439504083;2983.5869952246;18987223728.98;356379709501.22;"2022-02-04T00:00:00.000Z"
3143.0084647844;3219.4726050536;3038.3778267658;3122.6085685691;17136080905.84;373154427924.75;"2022-02-08T00:00:00.000Z"
2927.3864110506;2980.0794228523;2870.1770118649;2917.3626816608;11254355756.53;348785733007.45;"2022-02-12T00:00:00.000Z"
3180.4468041024;3181.616886203;3055.1682053369;3127.8301165651;12352406833.1;374117832127.45;"2022-02-16T00:00:00.000Z"
2763.7566583664;2763.7566583664;2585.9463980529;2628.6485428626;11641437833.56;314553542349.48;"2022-02-20T00:00:00.000Z"
2588.1661827278;2689.0476377231;2308.914730637;2598.0671601064;29312342665.54;311035019269.95;"2022-02-24T00:00:00.000Z"
2621.172149798;2929.1805251187;2586.388112064;2919.2012286555;19266124733.01;349638704203.76;"2022-02-28T00:00:00.000Z"
2834.9874030791;2835.1763168181;2587.7481763491;2617.1560278787;14496939024.25;313604105838.56;"2022-03-04T00:00:00.000Z"
2555.2975782329;2639.943218985;2455.5937269856;2497.7713203997;14594098730.83;299399838913.97;"2022-03-07T00:00:00.000Z"
2608.2711745227;2664.5586854261;2534.6881695346;2559.5630442845;12382419581.61;306945646022.22;"2022-03-11T00:00:00.000Z"
2590.6689338522;2662.3295325799;2515.7659831118;2620.1496247253;12861105614.48;314353415766.38;"2022-03-15T00:00:00.000Z"
2944.7217436815;2979.9869569661;2910.8022034422;2946.2571390434;11576463120.11;353637851553.37;"2022-03-19T00:00:00.000Z"
2973.1450502842;3036.7521606726;2933.3067343373;3031.0670246895;16008767657.51;363981070562.25;"2022-03-23T00:00:00.000Z"
3143.7956034034;3291.5775859525;3129.9977580631;3291.5775859525;13431866833.79;395441924035.78;"2022-03-27T00:00:00.000Z"
3385.2893589839;3435.128419505;3272.9346632837;3281.6428781566;17685495685.68;394425928251.04;"2022-03-31T00:00:00.000Z"
3522.3649308716;3535.1480771606;3422.0010296329;3521.2411366589;18209969743.13;423413008036.05;"2022-04-04T00:00:00.000Z"
3233.2724023532;3301.607533047;3179.1424282459;3192.0740436834;17557050668.9;384004266017.44;"2022-04-08T00:00:00.000Z"
2981.4206935275;3077.4526560985;2957.8724121469;3030.3764559966;20235707410.31;364715602736.26;"2022-04-12T00:00:00.000Z"
3041.1231989128;3074.8869098833;3016.4210962003;3062.3103812058;8766710364.65;368723505201.94;"2022-04-16T00:00:00.000Z"
3057.5702607438;3125.0843457016;3035.5350916258;3104.1065209192;14156035095.91;373881545796.19;"2022-04-19T00:00:00.000Z"
2964.8023104144;2975.322700786;2926.7402724469;2938.1139934399;9116955609.47;354042065765.69;"2022-04-23T00:00:00.000Z"
2808.6460885138;2911.877469807;2802.273550762;2888.929764995;17419284040.6;348272874148.14;"2022-04-27T00:00:00.000Z"
2729.9941987023;2838.7042537175;2728.0789595499;2827.7561442638;15332730152.03;341049885442.05;"2022-05-01T00:00:00.000Z"
2940.2266468171;2948.9605777143;2704.9161748719;2749.2130422077;22642925047.88;331722438859.99;"2022-05-05T00:00:00.000Z"
2518.5083805289;2528.2581724029;2238.0626571136;2245.4305316346;36333567677.85;271054331836.52;"2022-05-09T00:00:00.000Z"
1960.1225470264;2139.7133146957;1941.9759312277;2014.4182339085;24816096567.28;243274721466.96;"2022-05-13T00:00:00.000Z"
2022.8823537739;2113.0598992727;2015.9715226431;2090.4092459523;18509929297.43;252562157297.15;"2022-05-17T00:00:00.000Z"
1961.0179963529;1985.3959610391;1944.2651074545;1974.5183665274;8546822405.76;238662541734.67;"2022-05-21T00:00:00.000Z"
1978.6770417608;2014.3695258598;1943.9385458392;1944.8278449212;13364545730.05;235174141323.92;"2022-05-25T00:00:00.000Z"
1792.184445129;1818.7766649745;1765.9373228215;1812.0309589115;10642556100.63;219209358147.19;"2022-05-29T00:00:00.000Z"
1822.4121155505;1845.3140169632;1789.6641269749;1834.1505700355;17065041354.23;221979536503.5;"2022-06-02T00:00:00.000Z"
1801.8190083176;1825.8595950966;1777.1332602675;1805.2049888952;8850385937.2;218544227813.81;"2022-06-05T00:00:00.000Z"
1793.5128068629;1827.2931385897;1779.8675448064;1789.8260449403;12013083392.88;216770182920.59;"2022-06-09T00:00:00.000Z"
1443.8354737063;1448.7380358192;1181.9482652482;1204.5828092361;45162788785.74;145949007640.7;"2022-06-13T00:00:00.000Z"
1067.9877175497;1112.4716040754;1060.8677177692;1086.5193049794;14591486539.83;131697196726.13;"2022-06-17T00:00:00.000Z"
1127.5118917724;1185.4324380446;1112.5726080352;1124.8245922873;15632089438.81;136394173950.59;"2022-06-21T00:00:00.000Z"
1226.7246799598;1246.3942525488;1184.5620362599;1243.4469231319;12481946184.18;150833549827.69;"2022-06-25T00:00:00.000Z"
1144.524364363;1152.6847713551;1092.0991705075;1098.9438844421;15386286815;133353794240.87;"2022-06-29T00:00:00.000Z"
1066.4674424234;1083.4189785335;1044.0055831867;1073.7669875108;8557248150.38;130354920626.23;"2022-07-03T00:00:00.000Z"
1186.9608986754;1246.8948647491;1165.6231669665;1237.5934303651;14230795894.07;150310328516.7;"2022-07-07T00:00:00.000Z"
1168.1390293968;1169.1938254349;1095.0027888183;1097.2365145348;12064180410.27;133322814435.65;"2022-07-11T00:00:00.000Z"
1191.6747810388;1275.7781812831;1182.9032095796;1233.129114296;17411448224.9;149901581969.42;"2022-07-15T00:00:00.000Z"
1578.3838959311;1607.0331136856;1501.7975207095;1542.9752735267;27753529276.06;187650624167.51;"2022-07-19T00:00:00.000Z"
1576.7453815608;1641.2092327356;1523.64175313;1537.4051210638;18926100581.63;187035568058.3;"2022-07-22T00:00:00.000Z"
1445.1511049337;1445.1511049337;1362.9517125396;1441.8067930933;18238563508.63;175483010009.7;"2022-07-26T00:00:00.000Z"
1727.0619420569;1738.0168915095;1678.1080883966;1695.969499599;15576977870.07;206508772876.13;"2022-07-30T00:00:00.000Z"
1633.0513165891;1678.0982582494;1595.6345233732;1618.8745428622;16786218830.48;197208540574.77;"2022-08-03T00:00:00.000Z"
1691.7779509027;1724.7891347411;1672.908411691;1699.350770887;10252090340.17;207103611495.11;"2022-08-07T00:00:00.000Z"
1851.8283551307;1927.9392510659;1851.8283551307;1881.2241473515;23826986481.93;229369148921.19;"2022-08-11T00:00:00.000Z"
1936.760487789;2007.2103250958;1881.8568334306;1904.2281567639;20349931312.53;232274942656.73;"2022-08-15T00:00:00.000Z"
1847.0953099595;1847.0953099595;1611.3389228945;1612.9873433097;25906358731.35;196835222642.57;"2022-08-19T00:00:00.000Z"
1622.9393498092;1666.6765703448;1569.4285476666;1662.7698984728;18322041914.11;202998758194.89;"2022-08-23T00:00:00.000Z"
1508.1570215665;1517.1500421322;1454.2830133422;1491.3950366074;18120831898.8;182154372410.71;"2022-08-27T00:00:00.000Z"
1524.286467328;1612.3589418227;1524.286467328;1553.6849376151;20591680941.01;189843590076.15;"2022-08-31T00:00:00.000Z"
1556.8959076585;1578.0093199283;1543.6988331511;1577.6416253492;8884144997.97;192853381586.06;"2022-09-04T00:00:00.000Z"
1560.9067726242;1651.0511509286;1500.0136769346;1629.9063749585;19560363854.11;199305881389.89;"2022-09-07T00:00:00.000Z"
1775.9760395663;1782.7298718641;1730.1648511375;1761.8000273934;12464301922.09;215523920726.08;"2022-09-11T00:00:00.000Z"
1635.0830291984;1648.9456247183;1466.1394619713;1471.6934316404;26946275878.18;180110291827.78;"2022-09-15T00:00:00.000Z"
1335.2707285245;1388.2722606977;1287.4209501853;1377.5413278193;18712714222.94;168666096121.15;"2022-09-19T00:00:00.000Z"
1327.4811699762;1353.2883242685;1270.1983144577;1328.2595547377;18771106339.01;162707764850.43;"2022-09-23T00:00:00.000Z"
1335.3370295983;1396.8915132209;1308.9914938255;1330.1277022309;17870598937.1;163012762380.92;"2022-09-27T00:00:00.000Z"
1328.1937206528;1332.5164969655;1306.1024919609;1311.6444305439;6227961236.53;160822630102.87;"2022-10-01T00:00:00.000Z"
1361.9728718988;1362.4517562504;1320.8550761533;1352.8371404571;9774451819.95;165950737480.06;"2022-10-05T00:00:00.000Z"
1315.4601836525;1327.66879714;1309.344546431;1322.6043002227;5486230123.1;162317860620.67;"2022-10-09T00:00:00.000Z"
1294.9173837442;1297.564247405;1209.2781567993;1288.1238946784;17499038202.28;158160024664.68;"2022-10-13T00:00:00.000Z"
1306.309604668;1335.6478717731;1297.4472585074;1331.71360827;9401189650.49;162966939318.2;"2022-10-17T00:00:00.000Z"
1283.1880659091;1305.0813115559;1260.6667427239;1299.9464423868;10412565245.47;159079468496.66;"2022-10-21T00:00:00.000Z"
1363.4918066525;1368.4255000004;1327.8540108573;1344.998488552;13092820173.3;164592661444.43;"2022-10-24T00:00:00.000Z"
1514.3231610183;1568.6339400993;1493.8710426036;1555.4778770898;19974623204.7;190349837406.71;"2022-10-28T00:00:00.000Z"
1572.6453605386;1606.6057709697;1568.0985087477;1579.7045469065;14507311208.29;193314548591.89;"2022-11-01T00:00:00.000Z"
1645.1565554246;1660.4864321643;1625.964182735;1627.9680581756;11006973189.96;199220740931.91;"2022-11-05T00:00:00.000Z"
1333.1224783433;1335.7434699146;1083.2856661926;1100.169759577;38864492427.35;134632026975.35;"2022-11-09T00:00:00.000Z"
1255.4412477301;1271.712582069;1208.5209463868;1221.8192177316;10717455213.58;149518741493.03;"2022-11-13T00:00:00.000Z"
1215.8486725549;1224.9657091811;1189.1526628621;1200.8086045885;9723646870.56;146947591531.1;"2022-11-17T00:00:00.000Z"
1142.3957822414;1142.3957822414;1084.8573027563;1108.3530462394;14080099207.95;135633447402.59;"2022-11-21T00:00:00.000Z"
1203.7994267442;1203.7994267442;1174.8233877819;1198.92593624;5483308195.58;146717202126.48;"2022-11-25T00:00:00.000Z"
1169.874433274;1222.1642437371;1163.4774823977;1216.9011876232;7639405817.67;148916903134.48;"2022-11-29T00:00:00.000Z"
1294.45651757;1299.8403495372;1241.4319440295;1243.3348971959;5672609405.27;152151698373.37;"2022-12-03T00:00:00.000Z"
1259.8542439087;1271.9231660785;1247.6298893305;1271.6538427321;5089212679.76;155617197225.85;"2022-12-06T00:00:00.000Z"
1264.3754471071;1279.5279728938;1262.1199174962;1266.3840988056;3282499999.33;154972318287.59;"2022-12-10T00:00:00.000Z"
1320.6886290839;1346.174482644;1288.5582212778;1288.5582212778;8134741960.16;157685851384.5;"2022-12-14T00:00:00.000Z"
1188.1285388698;1194.2144870251;1176.1858500567;1184.7152322367;3350092519.49;144978183335.93;"2022-12-18T00:00:00.000Z"
1213.672654419;1221.9868522689;1187.1278135264;1218.1821518936;5297471739.23;149073659684.74;"2022-12-22T00:00:00.000Z"
1218.9201805513;1226.9743386769;1214.3359061484;1226.9743386769;3282098399.66;150149593573.92;"2022-12-26T00:00:00.000Z"
1201.5696378034;1202.0346691214;1187.4625433025;1199.2327542531;4055668252.59;146754748632.98;"2022-12-30T00:00:00.000Z"
1214.7440396322;1219.0953729162;1207.4915471113;1214.7788025107;3392972130.84;148657178662.66;"2023-01-03T00:00:00.000Z"
1269.4197406492;1270.5983105461;1262.2711165549;1264.2703412672;2565213547.9;154713649605.37;"2023-01-07T00:00:00.000Z"
1336.4867782191;1387.9327050848;1323.5830689818;1387.9327050848;6314904310.54;169846691171.36;"2023-01-11T00:00:00.000Z"
1550.7315217361;1556.9508111559;1520.8938176635;1552.4794799873;6774614498.74;189982916189.85;"2023-01-15T00:00:00.000Z"
1515.2496088731;1557.9703898562;1514.3800514925;1552.5565530841;6432638855.77;189992347922.69;"2023-01-19T00:00:00.000Z"
1627.3660029924;1658.0234136829;1612.0856948852;1628.3820424137;7517988734;199271406209.81;"2023-01-22T00:00:00.000Z"
1611.0809774076;1626.1982044077;1586.5981617881;1603.1059328512;8395315240.82;196178270959.7;"2023-01-26T00:00:00.000Z"
1646.147646973;1646.6515549742;1546.6607903551;1567.3264809426;9180418120.35;191799801098.5;"2023-01-30T00:00:00.000Z"
1642.9046958592;1670.6968659089;1634.2233793979;1664.7455821274;8169519804.5;203721353153.94;"2023-02-03T00:00:00.000Z"
1616.0096263832;1673.7978591906;1614.8629767876;1672.0035689791;8030277433.62;204609541065.93;"2023-02-07T00:00:00.000Z"
1514.9419380135;1541.3347731794;1510.1470246052;1539.9267659675;5064007415.55;188446792043.73;"2023-02-11T00:00:00.000Z"
1556.7650968607;1674.2897496764;1545.689745899;1673.7460217114;10015035156.34;204822771743.5;"2023-02-15T00:00:00.000Z"
1691.6801896848;1718.9475718772;1673.9065595127;1681.4361293747;6959144003.26;205763839949.88;"2023-02-19T00:00:00.000Z"
1643.2985956822;1674.6015475578;1632.5661156619;1651.073895645;9013236167.31;202048296021.36;"2023-02-23T00:00:00.000Z"
1640.7636662849;1662.5757164092;1615.3879162265;1634.3263684101;7239824677.24;199998836364.05;"2023-02-27T00:00:00.000Z"
1647.5577838618;1648.475373517;1552.451518614;1569.1676527552;9922240199.2;192025112411.57;"2023-03-03T00:00:00.000Z"
1567.4246284982;1579.1622731468;1543.1275062026;1561.9331204295;6854058348.98;191139794720.6;"2023-03-07T00:00:00.000Z"
1438.7601676753;1438.7601676753;1378.5254019388;1429.1581327081;12665194935.78;174891606136.11;"2023-03-10T00:00:00.000Z"
1680.2952550353;1779.9178989758;1665.9023265745;1703.5071260037;16159781302.55;208464753138.65;"2023-03-14T00:00:00.000Z"
1793.5923716621;1840.3575511541;1751.2628266022;1761.6596834205;10317822213.18;215581106420.2;"2023-03-18T00:00:00.000Z"
1804.9570335604;1821.4582716088;1717.7650838281;1737.7169855997;12484103560.38;212651145920.18;"2023-03-22T00:00:00.000Z"
1743.8421236946;1797.8802284401;1741.1828444255;1775.6767503974;6990313307.25;217296429099.19;"2023-03-26T00:00:00.000Z"
1793.3459124018;1827.2802318879;1766.2489483428;1792.7371357773;9724496986.91;219384174417.3;"2023-03-30T00:00:00.000Z"
1794.9224275133;1839.1577971091;1765.5188951201;1810.2971389314;9643826400.76;218064367254.84;"2023-04-03T00:00:00.000Z"
1872.734108075;1882.2992319959;1845.9939360968;1865.6360612511;8356130492.47;224730370763.71;"2023-04-07T00:00:00.000Z"
1911.3758037647;1936.7282705686;1886.5342226647;1892.189715911;8877222956.13;227928964948.72;"2023-04-11T00:00:00.000Z"
2101.616398405;2111.0753481017;2076.5107395038;2092.4668534715;8036468152.59;251325536962.21;"2023-04-15T00:00:00.000Z"
2103.9463627515;2104.8572731837;1928.5828916395;1936.4034646782;13779745450.97;231098233851.34;"2023-04-19T00:00:00.000Z"
1874.1715139648;1882.2296926797;1838.9924064358;1862.0620571837;6607451861.62;224214876354.3;"2023-04-23T00:00:00.000Z"
1866.1489341049;1962.5676586667;1792.4638100278;1866.564236591;14356524696.41;224743281403.41;"2023-04-26T00:00:00.000Z"
1908.7413045581;1938.4179717168;1876.9243269741;1876.9243269741;6539641957.29;225975170377.92;"2023-04-30T00:00:00.000Z"
1905.1689840561;1915.8716856168;1868.6297278773;1877.7041428906;6578438233.42;226030254515.46;"2023-05-04T00:00:00.000Z"
1872.4751384308;1886.1621296463;1818.4505648411;1849.042756465;9895102898.68;222504389357.37;"2023-05-08T00:00:00.000Z"
1795.1766142446;1812.4248715856;1742.4037545434;1808.0197452174;9047198660.44;222028758930.9;"2023-05-12T00:00:00.000Z"
1816.8242512606;1830.3515931;1797.843778946;1824.1214554709;5595959667.52;219418097417.64;"2023-05-16T00:00:00.000Z"
1812.7660597735;1829.00960332;1808.0467309723;1820.4780014054;2951655969.3;218953899552.53;"2023-05-20T00:00:00.000Z"
1854.2997086356;1854.2997086356;1780.9254996826;1800.1000165874;7101647418.5;216485036956.1;"2023-05-24T00:00:00.000Z"
1831.0986544228;1915.7232262948;1825.4672629025;1910.9141581907;6359610561.11;229798912476.57;"2023-05-28T00:00:00.000Z"
1873.9147321964;1887.7053050026;1846.2274137377;1862.2014510177;5640027196.55;223921509068.45;"2023-06-01T00:00:00.000Z"
1890.4176597218;1890.6404827704;1780.2115277046;1811.8283599458;9246593033.12;217846438558.82;"2023-06-05T00:00:00.000Z"